id,target
1,3.970227012269115
2,2.8702778674329266
3,319.5790809564852
4,-24.93995978426859
5,4.461589598138806
6,6.4972464137027615
7,5.042722393294795
8,72.11308652778193
9,81.61397870241069
10,55.96182746815576
11,33.92262093523872
12,-19.86926927393201
13,264.6155710740404
14,191.00447775144642
15,3.935958357395257
16,271.1689783993312
17,3.1766921795465928
18,89.16039423092482
19,3.4103257331942585
20,6.775564365283177
21,-70.60715159826432
22,54.59071021435635
23,3.407545390153844
24,2.6657518920030663
25,28.203213984687544
26,87.91277161071176
27,1.2493064390736726
28,144.27049358884497
29,41.13510300853938
30,3.5501870861517997
31,6.26963284313923
32,24.414791911722173
33,50.379850654491506
34,3.7906961613787438
35,2.193433222763506
36,5.916353277688387
37,261.23320632238335
38,235.64701408452245
39,60.80900431123591
40,125.93677642696122
41,-55.78290140534903
42,2.438873690449403
43,5.727991048052631
44,4.629201391815931
45,125.49921646626746
46,44.020091620751884
47,3.1236001386887624
48,-87.71839000948827
49,4.0307005091276125
50,1.8153427109030544
51,254.66959883049915
52,3.1599138710817045
53,2.67833962068028
54,86.17938113502782
55,3.0500125844357355
56,4.356813903140116
57,5.570559363159365
58,138.7555309458879
59,243.41222324887084
60,6.621417765917601
61,2.1612250796875796
62,233.5357527374621
63,6.492269999265993
64,2.5985219355565947
65,2.9719358901921122
66,4.443114740551173
67,4.91323699507436
68,188.23557646582756
69,147.19339289782872
70,2.1698237573364834
71,2.5302628899914765
72,2.3254583346112803
73,23.889869852982933
74,262.39126774726526
75,214.07037116906704
76,6.232484346595626
77,5.723851195760477
78,146.49480864422657
79,265.18000351155536
80,3.6912413607626093
81,33.59593134894492
82,4.181027127195904
83,161.21470540867463
84,24.661310050356704
85,-0.034677599281337734
86,2.251660023945152
87,56.98246967255553
88,197.2612566589959
89,5.9031950547671235
90,5.4575061625908425
91,44.23233473216827
92,45.19568643551149
93,26.728430169825145
94,5.506475525901718
95,3.8339916566194105
96,3.2743705111719157
97,7.278516772715118
98,222.41780080496946
99,85.53790153298952
100,289.823226895283
101,5.958330860752774
102,257.9813184838358
103,2.969633462011733
104,6.904344827369545
105,152.89964052515342
106,23.64239798846337
107,283.40660008141344
108,2.4995300709068755
109,182.66006708629206
110,3.3219288846912356
111,56.308130932777416
112,2.1344396676267543
113,181.6954883540331
114,6.463731898989854
115,5.519096073289064
116,401.72638651584646
117,207.07508574758964
118,177.40541616838402
119,240.9991228192712
120,338.4881964149264
121,143.13902340480777
122,3.6258176947584615
123,115.92409574191953
124,265.4158874765808
125,155.4523059727446
126,6.249859578935513
127,126.11605622724491
128,3.6624783373566165
129,222.8177065508683
130,78.3825473254989
131,75.78336652862966
132,9.94372818992947
133,-68.7364880865494
134,302.8148184587143
135,5.862250470035483
136,2.3697937460033742
137,142.16525468581833
138,5.770654185072658
139,200.61802807868273
140,297.426062669752
141,60.88696767832815
142,-6.614568445007673
143,69.02780185327583
144,24.39615591600665
145,6.070919403607403
146,178.3302310291141
147,224.2663718771186
148,2.3360647072707037
149,212.47650800616964
150,50.72921194142452
151,289.59371754151357
152,257.8013368157117
153,179.80688663418994
154,50.68610411557264
155,4.247536230373268
156,212.41267964144888
157,133.52944935766487
158,135.10684903614913
159,135.08802737764296
160,6.444807995066761
161,50.558994752366104
162,4.3010226749571006
163,285.68194865029227
164,3.1174536447306824
165,64.2204027082461
166,211.99573245437298
167,312.41554032708007
168,6.851329505584532
169,1.9511932388059032
170,230.21935082680477
171,2.8523621640819536
172,4.265720983292974
173,-43.4616528806325
174,4.061033485843687
175,5.542291857074817
176,149.1022294441717
177,70.92577056890231
178,357.4841022157922
179,129.23342317092767
180,220.22923876727546
181,6.697724191023686
182,2.6032685275802407
183,290.7588460643507
184,6.830421454128968
185,1.6414492423486036
186,3.66490786195461
187,3.0037541882474486
188,3.9292212005574854
189,68.88196093131738
190,4.159111707347424
191,2.5069468120636045
192,35.69477927940992
193,3.0559428543665637
194,309.9229837853112
195,96.27473855270406
196,282.9936274396523
197,118.5447021803463
198,223.8072372532078
199,62.71860996474395
200,2.0543568678833943
201,3.0753750788138268
202,81.42388062066095
203,49.59953336784805
204,4.102356721452139
205,270.1025628769262
206,73.7098056709816
207,223.4140982837034
208,144.78908099846882
209,67.00025252879097
210,166.3377980219154
211,57.80405390473123
212,115.92676591655406
213,270.45975186939916
214,66.0798911433895
215,23.62915119463237
216,157.31120336734182
217,88.42571878249107
218,144.18168479355396
219,223.72722655212334
220,5.753648211208673
221,214.07670654816184
222,166.71681635069285
223,2.9151513998150937
224,178.70608146533777
225,266.54487944344146
226,197.72077619413363
227,54.896002928811136
228,272.0647645590126
229,262.1545679695404
230,1.4328076901024205
231,215.2886438907029
232,46.74329963424995
233,53.94443741505744
234,255.76716210838075
235,116.44585072308391
236,2.3276108893616243
237,6.536127789504665
238,45.67836447652047
239,6.213077904829703
240,183.09995132324596
241,316.22917247460157
242,238.29976120810565
243,4.202425930987742
244,4.0667014784625595
245,51.4156747292428
246,123.94133268450724
247,123.14837532122482
248,5.474174023159043
249,5.689184824571631
250,67.70636281068603
251,58.51192536678403
252,204.187612372994
253,7.4282502068827885
254,199.16468837969052
255,-40.57302614367062
256,6.3062078854320225
257,2.001519629399414
258,70.47595898538444
259,283.95157209372053
260,2.1318223250513184
261,5.591707292656066
262,6.264133360818405
263,-30.689112600329498
264,3.9095606469209914
265,3.5227175543244824
266,2.1642648386694683
267,3.909681779609255
268,1.5058569800987132
269,203.90964311018178
270,3.287581943574338
271,182.15433729320003
272,128.18219816762843
273,4.610449833250449
274,4.900527499431766
275,336.31592079742165
276,177.68808569508838
277,213.82853404721158
278,-61.94198274337324
279,4.313261332037777
280,185.65640375656466
281,5.066660163357296
282,210.05210622882876
283,210.71827397766208
284,138.70381927314696
285,242.816700567397
286,137.23640957945264
287,231.056846909321
288,6.2515560082209465
289,118.33591843187548
290,4.528273953303151
291,118.98477579984043
292,3.824435233688285
293,95.34868149817648
294,108.64226247034223
295,5.397559788173874
296,131.24198501102487
297,41.76404168369758
298,-59.53288662129771
299,213.4672039104096
300,5.779757733911126
301,4.026483608073046
302,4.764342210001207
303,4.682937925749475
304,3.87492156438129
305,4.639801968123102
306,245.44200004970898
307,3.5511910161169746
308,3.045354388862257
309,138.77028464486506
310,2.1885973445215816
311,2.2268478645141108
312,3.4227680756333134
313,133.59973262158903
314,4.2953788551700764
315,1.7650843639648957
316,3.1007244340796465
317,4.271693369183334
318,3.713996994369429
319,59.65537991468521
320,1.871986976739184
321,6.263274678419854
322,2.94498112658214
323,1.7681032575215696
324,2.331154086430241
325,3.8222033735641663
326,4.789402655739817
327,37.1847075354412
328,4.486033389257335
329,101.24856801170516
330,48.6332821208375
331,-3.474186150705283
332,5.576526647821025
333,3.0449437595322655
334,6.646811249376663
335,136.89380132695962
336,3.830358450194014
337,2.346455756306452
338,131.04824997712288
339,50.238327259187734
340,286.40555576696215
341,96.72236049607513
342,59.832804874452066
343,3.4904126992155433
344,2.908786028058537
345,127.64519858601523
346,3.027328935750423
347,5.297959906198311
348,17.55870369882856
349,-63.797343440195014
350,129.94966517070696
351,252.92124950995904
352,31.9553837112986
353,1.0948915097084724
354,5.83166001406309
355,322.48043352315244
356,212.8916024963426
357,3.1540964487971332
358,-1.0816199127952784
359,4.384749842011793
360,125.57769486134339
361,4.405024070680964
362,5.121526369594269
363,40.12329369368213
364,4.4294135247543815
365,5.250214457960494
366,71.21632047062087
367,4.302483070242276
368,240.03677525588628
369,5.0432684670047925
370,-30.03510331514588
371,261.67403073166383
372,39.029519145510825
373,163.16183674729518
374,10.379070906123143
375,121.75948461282972
376,2.935257706865374
377,3.130502625314473
378,3.9515176046637626
379,3.4380583673342606
380,0.5965873816796909
381,5.92793921090961
382,6.589015921670059
383,178.57133904736975
384,1.8106517579859331
385,3.717118604692499
386,290.47335794315904
387,2.809615005660012
388,4.022975704706944
389,70.9798098061243
390,5.139191500259969
391,168.74711952606987
392,6.306841795115954
393,3.8897798690306136
394,314.14181153196614
395,193.57236754959322
396,2.3336242916508616
397,1.85157208398501
398,6.420004733138027
399,199.17274775596533
400,241.67127537022262
401,1.6793177314786254
402,6.345932688111285
403,5.836453878558667
404,5.811344789672971
405,13.24319929651449
406,7.651169979393762
407,-72.72079110268604
408,4.390484322591693
409,2.5860146215012043
410,3.6576299556743628
411,2.6153720755021705
412,-14.885208189288878
413,323.7067606309481
414,5.704196781304636
415,49.98228223540614
416,3.5928545251950874
417,6.651519414742165
418,6.021031602546254
419,5.785524852698745
420,4.282502588731609
421,156.51622218620105
422,179.39907236912407
423,177.8296598932454
424,147.53824246549496
425,5.813185640374281
426,228.1292425646066
427,3.5676726928241638
428,211.1786630330948
429,2.879521289299408
430,4.444710878413288
431,266.23588688319603
432,137.19693259857775
433,16.462341707337657
434,6.726259993960037
435,61.12251112754771
436,235.4061801732104
437,238.58734584816239
438,167.21269546511348
439,5.849254082422291
440,263.3551496062123
441,195.29694221049851
442,131.39423265785683
443,315.2351754660615
444,5.649482514613517
445,6.545389111107615
446,64.66390323442025
447,1.1600492523944637
448,6.206433611478577
449,305.802703374904
450,268.97926790156293
451,159.49880979737026
452,236.23346118524748
453,1.852637579894132
454,4.306486197808829
455,138.6573582147568
456,3.0539207420487644
457,4.751586653283546
458,271.9038771577025
459,69.1384164086654
460,14.88519892745218
461,106.08602215332087
462,6.390383666386878
463,187.6086214071014
464,5.108800137925861
465,141.51090210842193
466,69.58220941621182
467,2.161137863785716
468,5.318724598430007
469,29.580121977296187
470,69.62823669045008
471,1.7894957590447635
472,1.83064589585786
473,38.58110538702849
474,5.8576379493835615
475,115.87003447034877
476,6.460055608958536
477,2.098760553709026
478,4.352256275079056
479,211.36137364675477
480,4.310133285789684
481,6.095436184346196
482,218.7822398928254
483,1.7902952171260647
484,213.84933388987267
485,105.44988439620671
486,4.066989125266056
487,2.314021614619435
488,224.4301800847193
489,2.8232942094603923
490,4.558394328472884
491,6.89246932282201
492,3.9424334199200546
493,3.9405794043786067
494,227.6714907741635
495,5.727333336712631
496,106.14839602363992
497,6.1742455604675825
498,5.891673307744211
499,5.347676645707885
500,-0.9584501065287956
501,3.2318702780031017
502,328.03551304882615
503,102.89848471833737
504,1.8980081423071287
505,1.9735462380770246
506,6.284675227725922
507,335.5467827115111
508,69.49793426177969
509,282.79238579191235
510,3.961448385912687
511,150.60367217011733
512,190.2930227367064
513,230.01969797065513
514,328.58838399031754
515,307.4996704202433
516,233.5538953068998
517,299.19703955367027
518,6.9876805957569506
519,42.55599217138623
520,294.4872338979775
521,1.5255406853535607
522,4.022921196967314
523,234.85156856392905
524,4.132174143267136
525,169.35051026010186
526,5.61735936545604
527,5.006781212973518
528,4.2104213610138
529,6.401331934618689
530,255.24520454729773
531,115.0963344202413
532,3.677756837143766
533,100.54797420196459
534,4.631231216455445
535,6.879705836380005
536,5.8559228263145044
537,1.1800540760988238
538,4.7828498168702485
539,273.63840855530975
540,246.118858040851
541,246.01394998799444
542,64.20980439452214
543,105.97526310488774
544,5.792709992616565
545,4.012916605457849
546,3.6161297879990277
547,1.9614387369171573
548,327.0116683067448
549,5.651814830136921
550,247.1524803355709
551,5.762766511609351
552,116.11048812736838
553,4.100557113041307
554,72.19116748975944
555,122.77812283381164
556,242.54064050674987
557,209.48563375752525
558,5.083561637522162
559,6.068467540833554
560,149.37362996503958
561,142.22455885789472
562,163.82753291308705
563,3.1572404830384446
564,42.62533351971988
565,165.48491461122967
566,2.728049005220514
567,55.40207439466741
568,113.9836004930516
569,314.379511589421
570,3.60996371584861
571,216.78705826529793
572,3.3471175894328735
573,90.33699243154678
574,137.94736792595748
575,7.638329783340361
576,1.8257854576425672
577,2.8683237141838376
578,173.62143253808992
579,-4.9614531013976055
580,284.59021599158507
581,54.85048565208432
582,68.31616000030485
583,5.49611842915164
584,3.3235256144869627
585,155.17517828784045
586,4.846218185019141
587,216.86855797597192
588,2.9229489466272187
589,186.62920951037094
590,273.7896240570915
591,151.9442974697474
592,7.316120725645739
593,248.56769187510395
594,260.67766187466646
595,42.28065531914077
596,5.4855611058020575
597,134.77603703623612
598,2.524247305704251
599,66.79683117651005
600,192.41642863948567
601,146.8527261120564
602,41.41938268724283
603,2.0645115255350195
604,242.83039887541247
605,2.7752312797745717
606,2.6723405273453316
607,6.26063332215443
608,41.52346332217085
609,292.5396269091092
610,37.02963484278867
611,61.96005368888038
612,6.855762314750573
613,31.78336275938645
614,47.99094138334674
615,1.895377843407175
616,184.0981830006583
617,-58.22016578723198
618,224.39346087366383
619,4.492869566976387
620,5.311104126249079
621,178.92084852574703
622,112.06820628144483
623,182.8109488131834
624,203.41696917513033
625,2.331479035799047
626,1.7563813439879619
627,71.00158844474295
628,4.550722062678786
629,214.05303750283335
630,4.398598044745691
631,2.0652880924514876
632,188.45723398800862
633,135.23840326030998
634,240.21942927876339
635,2.7587106078692876
636,94.73645869951417
637,96.26466185818227
638,6.7639815801838665
639,20.474736632102058
640,123.1292882882855
641,6.536009052443895
642,3.2626206017655592
643,294.9225918386901
644,3.3137417445319595
645,81.4674448229449
646,74.21633728144516
647,177.66354688723516
648,246.85941783807806
649,381.51584058170965
650,351.7910493145828
651,119.52297579957362
652,44.05233374440564
653,3.068160443551178
654,180.49467831348417
655,6.5551322398683265
656,188.8182560579574
657,159.74120654030338
658,299.66037513324625
659,1.813191438239747
660,127.86744266582369
661,3.6401488084654416
662,144.87598934295193
663,3.9550056088369674
664,-48.50677590458426
665,82.2131967605952
666,140.7002563715889
667,251.97826251112227
668,345.0158745331812
669,127.35613821479325
670,209.07238215501496
671,112.8645952712368
672,88.80922582065692
673,4.4466974874921155
674,5.620545997636947
675,6.001577686899532
676,6.100304732292342
677,35.39436676773166
678,186.85880692326123
679,5.037457532936141
680,3.094308532247022
681,1.8547526466160917
682,90.86742180967234
683,6.417790961604164
684,166.15440768224616
685,225.06510737281465
686,5.822201799528348
687,378.23869317530887
688,77.40165604640285
689,96.81015403481602
690,332.142542604897
691,3.525475552112089
692,62.32283643363154
693,5.092016889511511
694,7.6075959352608695
695,23.668686119187775
696,296.6239158112372
697,0.8720363983860824
698,210.91413831494015
699,2.0232665755907613
700,259.693745185754
701,3.6439774687221993
702,3.4535337829508572
703,48.792576443518364
704,86.356697001716
705,176.0769289770853
706,194.45150560918916
707,164.04204706666414
708,66.82441624361414
709,82.6729702029495
710,192.3011799704736
711,245.47264133243047
712,6.754141488558972
713,7.958151341851012
714,6.288851681170101
715,252.04676102711196
716,3.0105980770449463
717,85.55016843976306
718,388.67700523560427
719,217.44828536652872
720,4.446651386674057
721,158.06536960702735
722,2.140892279933987
723,6.721627385619209
724,2.091677151731794
725,2.374396895772517
726,103.75878043989066
727,250.2054892548276
728,48.20712280666591
729,53.2036978506343
730,90.31443646686043
731,285.29809931959437
732,4.317635236507945
733,6.4958312165547
734,8.10189396354864
735,257.0136724128055
736,62.36136934753655
737,49.695329075329525
738,132.84438190614392
739,308.27701328143723
740,134.70166941479349
741,30.585581302323078
742,270.22586638159294
743,124.31421024146368
744,1.6934598556164864
745,295.9875437434117
746,180.70439131293668
747,3.851759707743535
748,65.90495329124991
749,100.61318657226316
750,192.20738738820654
751,56.735749988296554
752,254.45131480980663
753,1.723724564985047
754,251.73346060760232
755,6.225234620515529
756,5.8960616492314655
757,224.5265443622678
758,1.7165760107817167
759,81.87192142242544
760,-1.9571092446416478
761,212.88283264821547
762,5.2016322484433815
763,2.2121333344298106
764,80.92828587648815
765,4.4686342516432696
766,57.22352775600259
767,1.7508427782452411
768,4.8108766553203575
769,5.84013304051527
770,2.0161071074261026
771,268.07301731768973
772,70.84651621542548
773,134.29454607170962
774,-31.098653496012314
775,16.110782398560325
776,4.66701319205403
777,209.73076626813094
778,-8.228209613970341
779,175.01259847964397
780,59.576752369888396
781,325.7692978642058
782,3.638287674825316
783,43.345016341901186
784,2.784362120912919
785,38.89727637588896
786,132.60376884869834
787,5.335226614070866
788,1.8415892052804117
789,170.68167008350426
790,91.62594336504532
791,-20.430332708699776
792,112.83212407840823
793,-61.413692454805584
794,337.6769419056161
795,-66.10739118619409
796,114.73065547864118
797,3.6490549006891912
798,54.17035624521926
799,3.278780221495781
800,5.806511842522568
801,221.27564617563525
802,79.00857718686035
803,171.52654616355906
804,6.206854690988095
805,2.149565721017952
806,173.9510745176356
807,2.4555779849441715
808,65.03162964037368
809,1.5599508779027982
810,47.27665142223596
811,249.27122744139132
812,85.7108664138728
813,274.4811385493359
814,5.759910747336531
815,4.516302719067706
816,7.590315111072828
817,2.858805976934901
818,4.8618173313136275
819,5.169377208907656
820,76.23453350159178
821,5.394348991561591
822,2.04803052227633
823,26.10533194344745
824,79.7849459918748
825,6.44522552756599
826,75.8686674208002
827,4.471032800973703
828,6.354777652061309
829,52.55101018600468
830,171.1642139118868
831,105.63193649449613
832,5.965180093092757
833,216.66443798982957
834,202.62405913123828
835,126.61752665590146
836,2.3695047108414107
837,46.46734716583631
838,168.16079006051535
839,5.9073339950610215
840,181.70490922075328
841,154.89159719340051
842,74.69620389499623
843,2.799285478877101
844,3.1470980250978235
845,5.423821883054188
846,6.467652465111078
847,5.458240479947058
848,133.39559377918803
849,6.520406183356298
850,87.86662018684137
851,13.500187648758825
852,34.87451068724982
853,90.15780644523032
854,-3.474186150705283
855,7.042790020813458
856,240.06257852065949
857,98.53862456605249
858,63.00542136753508
859,228.63360270998578
860,2.0580421992563145
861,3.531326193970211
862,2.8059568980774214
863,107.07922590798859
864,258.19649541641786
865,272.57264770072504
866,222.24935085560688
867,5.324904353898645
868,112.76354358346897
869,176.64344892380302
870,126.98735194419928
871,148.90179730089866
872,131.3753145520496
873,3.0295943953829383
874,66.04173439318441
875,6.240391822270498
876,102.26433862092512
877,30.908651674791656
878,119.83289010047874
879,5.11559307853347
880,6.547013215627847
881,157.0483685399103
882,5.73919474874977
883,241.0441185980945
884,5.873013316620337
885,165.52235516390695
886,64.71310347651598
887,2.424154825578664
888,2.176943373341552
889,235.47717023772773
890,4.090563073675025
891,2.9425723459054742
892,60.00706589207961
893,4.889086917499664
894,-18.97782494114451
895,3.602717718849308
896,217.77694775954976
897,2.2761954486816776
898,219.1631644287336
899,-50.749959233547784
900,247.59211287077378
901,4.141668102588181
902,190.77717635040568
903,5.064804275917613
904,133.2042700791599
905,1.9701097390207873
906,0.7501876165585117
907,219.72738978677373
908,37.64168382515966
909,78.94529760561093
910,2.556019237590639
911,6.515130653179663
912,285.11182399107247
913,142.70028326852565
914,275.1125881139254
915,79.5374078834281
916,118.79963518590587
917,-7.029421443115555
918,2.7903557425517507
919,2.925681126457635
920,395.5969390899671
921,119.83936997597172
922,216.79329346209093
923,2.5489661910482133
924,80.87073295504517
925,195.208815752695
926,53.40722208877685
927,58.678955475467404
928,5.133552282700916
929,4.589635953687079
930,50.56124502500802
931,236.41065881313128
932,192.80713048894407
933,5.550331989841633
934,2.0358072161682097
935,196.87424598440387
936,30.035743707019805
937,3.743213119117078
938,4.685339769646184
939,154.72352744419328
940,0.8886832386925897
941,5.824213218115576
942,4.847910472651883
943,112.77740406404368
944,4.219144189750259
945,2.0882802196757035
946,82.69887426089217
947,43.1046846693068
948,53.26445539310616
949,223.18330790332536
950,381.5705075802874
951,17.49966634575067
952,-17.38701074530339
953,6.172238904692053
954,260.4169178193064
955,184.27404186823543
956,149.38834478413244
957,2.298390089463282
958,2.9515907967523702
959,216.98850074360985
960,54.041032031676636
961,158.87921712559393
962,2.9923161756964607
963,6.442420908052988
964,4.837095993907933
965,6.219995805512212
966,3.611934188864774
967,36.472077278281255
968,152.71684529522906
969,173.1300088421026
970,6.450709464441318
971,369.78175483154075
972,5.486860879202261
973,109.66238783067783
974,5.5173658817377325
975,3.7643577656312943
976,5.234908846778696
977,180.8119599220321
978,306.2034387268028
979,2.500651884152277
980,1.8248927520176972
981,-21.521376636490054
982,40.64929496043475
983,305.73179342695414
984,326.45364501727806
985,251.81329344864358
986,105.25405887455733
987,3.5709721703513155
988,259.2863311351821
989,345.68826576794663
990,119.29909278188644
991,4.127940224213926
992,304.1662465724007
993,179.06163957472782
994,3.2811841950603395
995,-13.470564198326642
996,43.76630126227806
997,2.096385616281298
998,34.26914802644962
999,86.66422168155157
1000,-16.85330341006727
1001,276.8019078555152
1002,172.7456544429372
1003,5.63518917809332
1004,1.303142546588264
1005,1.731872576105712
1006,3.814626273517198
1007,147.1870883561876
1008,1.9782273384532396
1009,6.48995811022866
1010,32.431229893612546
1011,260.8290309903174
1012,13.169568623328185
1013,231.88213149488521
1014,85.8518656857167
1015,237.4902762402771
1016,6.509472045823588
1017,5.020361736192272
1018,3.2243241885895273
1019,6.460999655573009
1020,4.141735949842364
1021,155.2559661525947
1022,86.09700536911845
1023,181.27243381586024
1024,171.64622058095472
1025,5.206853157521968
1026,3.644219905176933
1027,4.914118495429243
1028,87.78962555800679
1029,3.7232265934636155
1030,24.21244424468364
1031,276.4281338311305
1032,2.9327760008509145
1033,2.5305406640339916
1034,233.45296598858005
1035,2.336197958984682
1036,241.44826787581806
1037,6.601590260595076
1038,44.72734872305101
1039,3.728470283666173
1040,-14.112527019315113
1041,2.960174030016848
1042,3.859898737534907
1043,3.3046140142595646
1044,315.15472198963243
1045,142.28778207102692
1046,37.98244368837689
1047,202.11267623335777
1048,1.8531954997781708
1049,3.1787400498847873
1050,6.368650638542055
1051,65.34462877236165
1052,189.42901637910782
1053,263.63724929023795
1054,6.186246919186462
1055,16.491646418750292
1056,41.79216456027664
1057,4.447462210995324
1058,2.75310109165504
1059,3.0803978703254047
1060,125.72746800905097
1061,3.088079393588886
1062,5.803782099239358
1063,314.91602440931297
1064,228.8309224143219
1065,63.15988989003769
1066,266.7911018235461
1067,272.0431187626673
1068,5.231474457235733
1069,4.337540189489442
1070,315.4361851399908
1071,145.42146511254816
1072,5.1414209876630395
1073,4.091322241805868
1074,6.23535719244219
1075,4.805207925536985
1076,286.33016606619844
1077,6.185052961961519
1078,188.14551000905288
1079,3.0255026842689556
1080,2.4459469277315233
1081,5.8667399459751595
1082,4.035423221482517
1083,3.820362690305364
1084,6.116480179418278
1085,128.38412046912276
1086,198.5505399199843
1087,53.3772374087932
1088,293.5162236081861
1089,7.715324257631012
1090,127.29458502891012
1091,266.6136072799967
1092,5.505056366988593
1093,3.7095048208382293
1094,6.503286381788791
1095,3.234180555790196
1096,2.1214589590051673
1097,4.519631430413773
1098,59.2220169439633
1099,112.78807805726966
1100,4.776313410416707
1101,4.631530238784874
1102,6.131620835429686
1103,269.9257109170875
1104,5.018119044109734
1105,115.14580755779308
1106,4.869081459228644
1107,6.043587030312142
1108,17.2984194001245
1109,116.63446336748808
1110,114.33543962573535
1111,3.1365933637748964
1112,224.48385092296508
1113,2.9255364417926915
1114,164.9158000248772
1115,-40.377187446737786
1116,5.873223750252894
1117,304.80287379836545
1118,261.502726019859
1119,4.6160408904154675
1120,51.53795917892069
1121,21.131339766248463
1122,235.6232890714884
1123,3.3932218902771227
1124,184.98782332079512
1125,2.858538999244618
1126,90.500523973614
1127,6.322485760733864
1128,-36.55554537374155
1129,194.8048719592129
1130,6.024439811267603
1131,47.49614637834554
1132,3.3004286351383634
1133,-81.73373128160196
1134,183.3086742538345
1135,200.34062500107035
1136,-50.232797391937396
1137,4.372330655131243
1138,48.8339460154814
1139,107.44832366549844
1140,115.70712425104277
1141,194.47346786147602
1142,147.0550683723993
1143,33.91124262591813
1144,-46.82934389933466
1145,122.50381493191966
1146,28.66622034892268
1147,4.316586335862596
1148,104.36457078470009
1149,37.17426817383332
1150,4.301396138657352
1151,1.2835495010108509
1152,4.510133091234094
1153,4.091360306379794
1154,29.557438411204373
1155,166.60193037601186
1156,6.579622231928265
1157,91.58897033508087
1158,194.7084301686274
1159,117.08643848578014
1160,104.44964297852017
1161,1.70875627096774
1162,5.5774138855620485
1163,5.428842334064092
1164,4.671703429814833
1165,206.03859388688542
1166,45.68864150010137
1167,-35.31973120875813
1168,4.718061589374665
1169,153.47792028036793
1170,4.672093118466431
1171,4.053518231686678
1172,-14.225903991389115
1173,3.8669504393611693
1174,216.47364519385587
1175,-57.46715118650915
1176,251.9332323662908
1177,1.883753630281812
1178,147.15607434944212
1179,2.5480078451381356
1180,2.4943435075684137
1181,2.3587703493157246
1182,144.79145427168163
1183,7.1509729899803345
1184,3.7304501130378105
1185,287.91448312816794
1186,134.9157910691561
1187,4.1045412658298375
1188,3.1794766177314275
1189,142.1925187993009
1190,3.7600003306196417
1191,3.1877814182374813
1192,4.97655525830523
1193,135.8947356180644
1194,5.481475704183724
1195,1.606260503607376
1196,273.69034163614776
1197,94.47367407513416
1198,3.0499216585146605
1199,266.36736809612535
1200,72.2907833497606
1201,230.29864407572714
1202,68.5430759937783
1203,3.5728655468235555
1204,154.31125005174852
1205,1.7877825110973904
1206,144.44803891106804
1207,120.22944164150684
1208,244.14212448483724
1209,253.6903199537587
1210,184.84955317844557
1211,219.46149163023136
1212,5.857999249972712
1213,3.9889934631878794
1214,192.03506920250294
1215,112.54386579546225
1216,235.28893937795505
1217,198.2540019934784
1218,-48.533250315114586
1219,6.037619427016073
1220,5.836105917361605
1221,247.88705509747007
1222,6.043556939342718
1223,2.188622781528184
1224,3.12777916926964
1225,122.18939467951215
1226,1.4156762151253397
1227,4.690631229042243
1228,2.1859183518526812
1229,40.68491223998095
1230,96.23953408943669
1231,235.73159124182098
1232,1.78152362301384
1233,-22.12689454583617
1234,3.0555195430266266
1235,11.216986789914134
1236,268.00767376697047
1237,3.718530811018567
1238,2.813946255274579
1239,1.8192881924883246
1240,41.52985377053459
1241,2.158709387417546
1242,4.621920603629671
1243,4.879817776041429
1244,172.998660432292
1245,4.224333716249275
1246,281.1511111557146
1247,5.370165315106174
1248,109.0700040773542
1249,153.97844877360083
1250,7.483068386737592
1251,9.761427478341826
1252,5.699252630114987
1253,3.929366995551307
1254,4.1466210300145425
1255,43.96932759823137
1256,73.24380089620321
1257,138.42993601096066
1258,257.8593772963984
1259,56.237503364782675
1260,278.06749629096294
1261,5.7926794784129925
1262,5.35883991994782
1263,187.75456424373633
1264,2.889074754384506
1265,20.440811258801137
1266,130.11342726294774
1267,2.25920409485277
1268,6.290163481282541
1269,266.74756078748544
1270,-61.85357616282186
1271,257.68320392110445
1272,52.5485537479786
1273,12.210328010622309
1274,223.8423079302587
1275,199.35520360031438
1276,48.796867045323026
1277,4.339021606368511
1278,1.999295894057544
1279,3.985123442813677
1280,-70.75499663458753
1281,3.431393415089153
1282,97.43765952196122
1283,173.78323483803152
1284,2.8101633193798827
1285,-60.490766638734854
1286,2.937235121428746
1287,39.69934410142509
1288,114.17847717950286
1289,4.098316817487724
1290,219.3340698993688
1291,3.3927233300785806
1292,31.017898477623547
1293,120.71703698351267
1294,257.52989004274446
1295,161.62921102481283
1296,6.212415281532327
1297,66.60992142190312
1298,9.35414295921531
1299,5.887228571535706
1300,176.8490797199807
1301,246.8066509887752
1302,214.4321433362869
1303,6.026640395740747
1304,2.82691678325392
1305,4.831110780993349
1306,51.60572963817744
1307,167.49754025952282
1308,1.9119511579899382
1309,4.4595453947406485
1310,363.06563893220675
1311,2.8477669139594988
1312,7.632962331776257
1313,37.70611518887606
1314,151.03222246275882
1315,193.7056943491294
1316,251.8130174737291
1317,69.85389575718813
1318,2.313904106025514
1319,244.0295696897209
1320,257.41451545392204
1321,13.277979347619429
1322,48.976070157111614
1323,261.35957102318184
1324,245.5512113764066
1325,43.85212439583805
1326,66.05645518256391
1327,237.75714978125802
1328,2.9210102126478663
1329,5.783015899563663
1330,127.52301569897531
1331,-16.123872938169995
1332,283.8137602610434
1333,1.7390840930828007
1334,354.2774764594699
1335,1.8874945008569055
1336,106.30308925387554
1337,35.34947870640779
1338,253.03349514843634
1339,6.178938810204887
1340,177.79528029908514
1341,233.80306712045703
1342,194.78745886271938
1343,44.441415487863274
1344,129.08296096822235
1345,2.3851759987892116
1346,71.17584137701773
1347,102.25609112577206
1348,2.9937465211475027
1349,205.47914302124948
1350,29.77036239615436
1351,220.93003627072326
1352,2.7685937905564018
1353,13.20470592835973
1354,4.736225670018161
1355,6.359298587816781
1356,3.5363434003728766
1357,7.039032655724099
1358,6.535716016702575
1359,1.6662005667111806
1360,309.98770275715776
1361,4.385885249755541
1362,6.253047269251336
1363,69.85140611973331
1364,3.4377497706336184
1365,5.870631027197683
1366,7.036516108706536
1367,5.820181557333406
1368,9.046045965258207
1369,190.3463928619139
1370,300.6041079030599
1371,225.44104175008053
1372,28.35918317667462
1373,3.4213769997844676
1374,179.96248802584972
1375,153.23764524329414
1376,5.4350938961707875
1377,4.804720329778824
1378,108.50177970014579
1379,77.80333552794714
1380,101.44838335250023
1381,245.1097112084233
1382,72.38686044786188
1383,43.92671225812338
1384,-12.5225511028036
1385,168.72444609305052
1386,2.0878032690148443
1387,63.9196607755874
1388,1.6125414479670996
1389,219.46202717312966
1390,192.275923934319
1391,49.55435969325794
1392,53.474005234133486
1393,273.7539291636059
1394,-21.37589894617622
1395,45.15152512952729
1396,193.51278443164497
1397,5.382021421233906
1398,201.24048609890386
1399,1.4524755699858236
1400,114.5803743613844
1401,343.7616350712291
1402,62.49011803846854
1403,313.3960048813526
1404,87.37988174113022
1405,120.91617350496267
1406,1.868739195590813
1407,121.79051838770957
1408,7.49447900546871
1409,3.809647482584822
1410,267.655928623553
1411,281.8085035954774
1412,-34.62972509834864
1413,136.61629735532074
1414,250.64609486652014
1415,2.281990666088333
1416,2.5853506655578697
1417,4.109214332117611
1418,344.0840007691203
1419,159.89579764055162
1420,4.592244518386554
1421,30.997794309512926
1422,6.367618599562618
1423,3.36527844696529
1424,4.646677401674459
1425,2.2097577345531794
1426,-29.74403835851085
1427,3.969379252288074
1428,4.589987759818946
1429,3.8015249768086283
1430,4.386109123675375
1431,6.304687117181841
1432,162.95963398304158
1433,2.5959671316596364
1434,6.255392167472192
1435,5.203657137902018
1436,-45.647201171344214
1437,166.5182805913524
1438,109.99338287335189
1439,6.263920129519597
1440,2.4826878273011443
1441,129.4037972284151
1442,177.4933550528941
1443,50.16494074574657
1444,5.805856543065843
1445,51.11000526774387
1446,278.94418988573966
1447,218.6296894583631
1448,-29.10561694357163
1449,5.902731797515103
1450,271.51789306489286
1451,153.02390906635304
1452,5.131852748217257
1453,5.517817476009942
1454,172.2409332223664
1455,69.21068644856493
1456,-6.5583426817123405
1457,7.628142811406638
1458,4.705001571229727
1459,310.95473156558376
1460,353.76142136549504
1461,144.45983176095578
1462,-14.84105783606538
1463,81.704674786295
1464,5.756414640617346
1465,3.196947917258866
1466,231.73525033421396
1467,5.6515060091101565
1468,5.504663697468892
1469,29.99477267556557
1470,3.7726650328891074
1471,32.481750493262254
1472,6.6201108161227715
1473,2.866651844450816
1474,254.15158282750045
1475,98.47959814396192
1476,6.586236371689582
1477,2.6988805402129628
1478,132.91720725441257
1479,4.760138665605118
1480,117.61895924301017
1481,5.822766626544404
1482,152.14215754815
1483,5.920621928646653
1484,250.44646005093543
1485,201.42295199024923
1486,6.1982754581681565
1487,3.530450001414429
1488,84.67683894996813
1489,2.0681816163150426
1490,56.362497548667854
1491,3.8988843271792817
1492,1.9530679563591784
1493,7.637346828523312
1494,5.21477292116116
1495,28.54009986682059
1496,7.8600638886214975
1497,55.257305388325705
1498,5.98728760788279
1499,77.85411355119408
1500,6.760574832093531
1501,5.712573300270682
1502,67.70223256556768
1503,5.643720532435193
1504,2.0903137380199555
1505,4.801617630841246
1506,199.75107614857794
1507,44.469649209939426
1508,121.31765485413896
1509,63.738587263855564
1510,2.920461225446231
1511,3.4083712582315435
1512,72.12461105220036
1513,5.527885063491592
1514,289.80796161210526
1515,63.540182335617814
1516,2.3296240699516213
1517,372.7897257700404
1518,4.410623052656058
1519,211.38613671316955
1520,5.313694014523932
1521,47.7821388697212
1522,4.9222017437563945
1523,2.951919380727344
1524,124.0831919274535
1525,-28.4019414119154
1526,2.1306940040973585
1527,5.9589408395307855
1528,3.592697653435856
1529,228.32263812915312
1530,282.0063809288396
1531,3.363254703074029
1532,5.170945918424162
1533,3.3569896367973615
1534,-3.2588862173500166
1535,74.3399035660812
1536,5.525578693651234
1537,2.608629491143634
1538,294.0040189416337
1539,169.8292724697443
1540,2.1506477325801545
1541,129.33508956029482
1542,3.0001956917055654
1543,21.990600179300014
1544,7.498093364757836
1545,3.5808338185012714
1546,5.474462617069367
1547,-19.416032455137355
1548,211.18718961161917
1549,42.761517377575736
1550,3.0279695355949063
1551,2.2075842540415875
1552,241.2191736601245
1553,6.083799896858842
1554,303.7518017940656
1555,160.58601065585924
1556,4.054929153459041
1557,3.3768754524815208
1558,3.7910346522158
1559,240.31900102507686
1560,176.5050571836425
1561,191.3816394747038
1562,235.0421701039749
1563,93.93538043863701
1564,3.268797279376546
1565,73.49221134900692
1566,3.6600955399071537
1567,9.106354525795414
1568,96.08721381248799
1569,13.031348102269167
1570,279.68398425646956
1571,3.4177405316118357
1572,89.9948540312109
1573,2.571635405245086
1574,4.3805846066711
1575,5.824543565446307
1576,3.969649196908586
1577,5.684662799660238
1578,78.94529760561093
1579,5.010369491720939
1580,179.29899704203436
1581,223.8895890390989
1582,6.739489312304323
1583,302.80593062675473
1584,318.9530635587471
1585,5.935494529144453
1586,4.721025626115278
1587,54.380718455026866
1588,299.4602950003556
1589,7.2271512275856775
1590,6.35753572445208
1591,141.82400503679196
1592,7.648745479480099
1593,127.12876306448547
1594,142.80726493589566
1595,113.75964640977817
1596,5.637423116435468
1597,72.08376429707417
1598,7.3179653729225045
1599,3.567441852442445
1600,4.557044723330016
1601,2.566675619375634
1602,6.095584806973173
1603,287.5701385626388
1604,58.36933724639481
1605,88.84728259477055
1606,262.64552488255174
1607,9.342062938240757
1608,3.5801684814267682
1609,6.8970942780117745
1610,4.016009867852907
1611,191.90540175236126
1612,85.86203854576705
1613,2.8348585660280055
1614,268.2036785428769
1615,5.504910646798914
1616,4.256668801556151
1617,182.10637047279087
1618,223.85509141083648
1619,6.665379788937297
1620,42.62822359304332
1621,2.504376393019971
1622,2.38438843602714
1623,2.590250956659397
1624,262.91904452014774
1625,62.24850555053982
1626,1.5522773804019212
1627,33.34647752798594
1628,3.61635205689048
1629,223.7880025999736
1630,84.50327086180653
1631,4.233336226810232
1632,304.00543103245934
1633,5.046120887371311
1634,5.78407229149227
1635,3.5706796550252102
1636,4.288634075754195
1637,6.91182126636183
1638,225.97870231192607
1639,23.663126334923522
1640,4.413042750116622
1641,320.06227802793535
1642,152.92055061737258
1643,191.5811513382872
1644,118.48849282777874
1645,194.23033419996318
1646,5.37468065479375
1647,6.548165161723549
1648,31.936828507726318
1649,4.284040843916
1650,99.62101191837687
1651,6.267647966808157
1652,6.169736464055315
1653,219.61785237524353
1654,6.505822753691135
1655,319.62671956991505
1656,66.84066870570891
1657,1.1086439674286181
1658,287.43374802545065
1659,2.047360835927824
1660,-3.839370190600647
1661,7.205756729663622
1662,190.77683813681992
1663,5.86106601395559
1664,123.08132586448707
1665,0.9105620562564556
1666,109.44218949624619
1667,-68.2679752446039
1668,258.69215202805503
1669,50.1176659522221
1670,2.130648727338227
1671,2.5173246087515353
1672,5.412249876634958
1673,4.683438581762358
1674,124.54122690253658
1675,2.0906024218171697
1676,-60.514517484391575
1677,25.202299531519742
1678,1.364903192107482
1679,230.35403241729557
1680,100.14050021351483
1681,1.0204070767376157
1682,3.007008571955316
1683,67.12231797884891
1684,22.64355533516399
1685,6.545163854753976
1686,138.08831341718084
1687,7.3074179394241
1688,193.47951498056094
1689,262.75496481565915
1690,3.0181775490225324
1691,3.461175251047672
1692,3.875507211184802
1693,2.819267784544401
1694,73.81334008993072
1695,224.85316028376826
1696,125.19475566663618
1697,1.6725889546973622
1698,215.79694704826676
1699,178.6072337895
1700,110.65458622175638
1701,282.58918468799027
1702,-44.81474632780227
1703,5.647989961980163
1704,5.6889285907939335
1705,3.2193652698092796
1706,66.76925325411628
1707,5.339089277977864
1708,78.2273141853267
1709,127.95468756841566
1710,6.163708704845763
1711,70.65123796716736
1712,1.8838297503356487
1713,5.6570132617428435
1714,-63.78114270426019
1715,4.751218445469747
1716,2.697706316980497
1717,29.551527832819062
1718,127.33344854304636
1719,29.374363923738727
1720,6.145497765823123
1721,254.06967298799984
1722,3.683668861181812
1723,154.70976647908154
1724,144.300072255653
1725,2.5791358939998648
1726,4.1873411076686375
1727,252.13365779095645
1728,4.070503097269145
1729,3.35964379043351
1730,61.65893273511443
1731,220.41645925133227
1732,4.718518495709411
1733,392.76362136714863
1734,274.1407036271405
1735,195.3986015189151
1736,3.373622325053501
1737,303.8998362215708
1738,289.2390466424889
1739,195.6403590414379
1740,91.40809250482691
1741,109.76877315339335
1742,247.43692480737187
1743,5.090874886479802
1744,119.82512408689455
1745,48.65172609255072
1746,3.650940616980302
1747,6.933528128269151
1748,184.38398815711167
1749,3.7447396383224483
1750,43.5921390500803
1751,24.078428770493222
1752,7.026836367672499
1753,5.871182704493154
1754,280.95746507840124
1755,233.41567427009807
1756,1.9443796907872264
1757,236.11448573192862
1758,340.7342194511365
1759,4.693777342886145
1760,275.5190654090967
1761,259.25420712038306
1762,25.365276516110505
1763,46.015352420165534
1764,7.550312287498517
1765,5.243318478149908
1766,230.7762618900941
1767,182.2418574728682
1768,6.008146451435796
1769,103.17904738626832
1770,51.63020154788791
1771,3.052759045401084
1772,207.82818176430297
1773,249.51791209108967
1774,6.448866669495993
1775,291.94487735953135
1776,2.7657689105727385
1777,16.998383558858627
1778,4.9525609219694555
1779,14.981764217636407
1780,115.7620728117945
1781,5.685580938441801
1782,191.9243436038371
1783,224.44392973909066
1784,4.018264882509971
1785,101.99912513097422
1786,2.8874197034873674
1787,70.68569408275422
1788,4.845360904045045
1789,2.8568188623474544
1790,45.08943012170384
1791,4.422960219729147
1792,2.741059609725774
1793,1.9315093269888848
1794,154.96217291255067
1795,190.89580417499266
1796,272.3650283854247
1797,135.6834452134129
1798,6.830609007713542
1799,228.77748686082361
1800,126.37959991007921
1801,5.112277665664214
1802,1.9113203097167362
1803,157.32153758626498
1804,3.973198585633022
1805,176.38430604749686
1806,5.779418805994906
1807,279.3307384571108
1808,154.13531342713233
1809,68.90358838415047
1810,4.144654930048231
1811,2.622990119652633
1812,22.327584433362244
1813,3.8477762423391457
1814,174.60098291379813
1815,257.8227132637295
1816,5.249543429746627
1817,114.99800839146786
1818,52.36064182297088
1819,228.29226608059327
1820,8.122792786893223
1821,3.422902489559969
1822,271.6486179109529
1823,-16.423275834645743
1824,40.67706598254988
1825,2.2914073670281967
1826,6.162000459801062
1827,3.8361414638306695
1828,2.091550172923342
1829,210.3862900824114
1830,232.1057669946169
1831,6.669487253783608
1832,46.622009282570524
1833,3.8703452078798177
1834,4.028232325226376
1835,103.13394794295316
1836,6.220543433923008
1837,5.77952167258159
1838,5.825133845682625
1839,133.8128617633736
1840,-35.267144924227
1841,-88.91044906527877
1842,241.3169066706349
1843,175.68673521772558
1844,251.81604193263487
1845,154.38310173383587
1846,37.878840992599756
1847,273.827798269455
1848,124.24598016152365
1849,3.9042138030084104
1850,6.209257310158084
1851,-71.01595531501194
1852,6.276996602789282
1853,83.5297299345486
1854,82.21914138055627
1855,5.409801199607752
1856,187.7270053167963
1857,2.8147262247732323
1858,4.939265227432497
1859,5.625895750083964
1860,5.664310512372884
1861,154.21218955359024
1862,6.162352817280962
1863,66.57651931336261
1864,59.39910008760626
1865,209.151182298072
1866,134.80939795741614
1867,78.30399735773757
1868,270.10032046158847
1869,155.07643255616122
1870,3.3733135608108897
1871,182.37501968069628
1872,43.129704075902254
1873,3.1492765500326367
1874,17.336389155797182
1875,113.4321031915338
1876,3.0503970863567833
1877,2.635682990395623
1878,51.94295672402958
1879,31.898612430093806
1880,296.0175050595816
1881,6.601944591445102
1882,89.47623407746397
1883,7.529912865251585
1884,72.75468297266876
1885,306.6242849663913
1886,268.5237651624211
1887,3.299206467440253
1888,227.32924123168806
1889,241.54541033981832
1890,2.6913321490816986
1891,248.82372547709608
1892,214.76066701483973
1893,4.296540977019241
1894,2.005912132938582
1895,2.5094266348450684
1896,5.917578276857121
1897,58.42286001138956
1898,-75.78929122910698
1899,2.921606790877716
1900,5.835438417613098
1901,265.8113222617685
1902,235.81116064530738
1903,-60.191440392653675
1904,58.91537567155791
1905,53.60826341294603
1906,173.409867700178
1907,6.64015882406966
1908,6.292314632299736
1909,111.38641609319185
1910,5.517874783332303
1911,5.0301147674612094
1912,4.038907155775361
1913,75.15617829892248
1914,-19.279760313688456
1915,8.07168947168293
1916,1.129589261342902
1917,2.779827915854218
1918,156.4732516764956
1919,4.7304932568144284
1920,4.474123846575597
1921,79.96712021453484
1922,3.2619317493452344
1923,6.235580674727806
1924,2.9529711026278505
1925,4.1973589229199835
1926,104.20307915349804
1927,152.90147459644663
1928,3.3011636593119693
1929,48.05026943719772
1930,2.7412090628818855
1931,5.974944405851246
1932,4.730218257922301
1933,2.8621803600139
1934,250.6665487879628
1935,6.130101132615206
1936,4.793944720184433
1937,0.6677308364317343
1938,-31.848425114517415
1939,2.575053752753475
1940,264.5465593797219
1941,3.5928362885526806
1942,222.5968139883656
1943,3.871661334191221
1944,234.93250222298863
1945,297.1576806685497
1946,5.78151428846819
1947,98.71546742390743
1948,5.563958114954591
1949,-6.6363039862158235
1950,30.993432287755816
1951,2.8201283816598677
1952,39.92161139278032
1953,416.21017516225254
1954,2.8818822193829248
1955,106.04871392857555
1956,1.9275653024191208
1957,114.24532063335228
1958,3.616757241130699
1959,178.93162545127092
1960,67.47266144810217
1961,1.0661742001989891
1962,4.221015238590195
1963,3.1786144646437657
1964,4.853988796487885
1965,76.15861945164907
1966,3.408672289085227
1967,4.453847695486306
1968,248.84492916795273
1969,34.80901920621937
1970,5.684999779202844
1971,2.1616838924684987
1972,97.11053160263728
1973,-39.72768119015341
1974,2.6263660034645735
1975,2.8260286597420503
1976,338.44251113801033
1977,1.631100022551475
1978,215.14023233911337
1979,91.68795881476784
1980,269.06136936017174
1981,167.66260547955005
1982,127.52424069788592
1983,84.94740538791416
1984,7.923348152040191
1985,4.5854770750287415
1986,3.825080219439872
1987,6.158717948681305
1988,0.7211774339412318
1989,6.400983617043382
1990,4.6056313045073
1991,0.3118962941137742
1992,4.342312125332263
1993,32.71872943225689
1994,1.4613752755540703
1995,100.43724111084013
1996,4.104596472010188
1997,2.766919200739875
1998,5.70158873282389
1999,270.20931034759724
2000,5.832363312325158
2001,304.43024435405437
2002,-62.13297629519987
2003,6.674375132132254
2004,336.20348549035316
2005,69.76440997644971
2006,4.645580662749259
2007,48.930197445210815
2008,226.4800681437473
2009,145.37965040559783
2010,300.0842702775575
2011,6.931585959952184
2012,161.60056474838234
2013,-26.355072269976105
2014,297.3932768491517
2015,178.80614510088452
2016,38.01540297070091
2017,3.1939515418436386
2018,26.745636724663804
2019,102.71487758116213
2020,6.6420018887044
2021,4.585933190366791
2022,178.52671368746215
2023,58.98964247837816
2024,3.246638294746953
2025,4.162418051092283
2026,68.58959483180406
2027,5.9006060720227405
2028,6.2261633220890955
2029,50.218453196060985
2030,305.54723555230487
2031,70.95416406466411
2032,301.01760444296076
2033,232.26618213961393
2034,2.6828438494519187
2035,67.49268165499308
2036,194.73366197239665
2037,4.919718031887857
2038,2.94444331113185
2039,3.072065425693056
2040,110.99032766251061
2041,269.893728401991
2042,4.0916388922801525
2043,185.64828741431361
2044,2.476640356782558
2045,100.26095872736023
2046,293.47933982091774
2047,5.559707840032155
2048,-35.78764060449605
2049,1.6246588081572693
2050,380.253852553706
2051,3.466781882825308
2052,2.499487518920022
2053,251.32881789828795
2054,4.866036795486794
2055,3.759728159602359
2056,-38.95068028998375
2057,187.17998561066557
2058,-27.575480039172263
2059,4.956407808608591
2060,20.9185788765745
2061,2.283222256174563
2062,144.90537840006832
2063,3.3385491863343564
2064,4.07845231314243
2065,3.4678087586972777
2066,2.0855415391751717
2067,6.129817823524229
2068,3.5458173531155603
2069,1.7473551695787697
2070,284.02402646212033
2071,295.746889834831
2072,4.470957890039598
2073,219.48210755972366
2074,386.4583210345055
2075,256.4179898280564
2076,3.5961042870662556
2077,2.86694604620975
2078,3.9298606978701227
2079,3.914510357906688
2080,2.7207736145777988
2081,3.1565846121648145
2082,4.182506492148868
2083,37.760544504674506
2084,2.4122939758450093
2085,4.480210733718862
2086,114.99304023431652
2087,95.01714268043374
2088,18.0508214094973
2089,44.68336627629292
2090,241.26438881015088
2091,173.3434724555987
2092,-100.06435484131937
2093,5.094240147670798
2094,4.40664225348314
2095,69.3605233124814
2096,48.38179817259141
2097,110.679922794113
2098,5.466185343688378
2099,-38.7761735135757
2100,18.86136899417759
2101,5.7075409920906885
2102,6.61147076069544
2103,53.24189662304149
2104,56.61538552063052
2105,64.08415204675661
2106,320.60192118423424
2107,6.86590331448579
2108,6.760116657320736
2109,5.837328701409152
2110,259.2574784361615
2111,3.854092886635148
2112,45.03573835506269
2113,100.96872949765725
2114,2.4873791438322472
2115,32.08652053934854
2116,3.782700041829026
2117,3.5869630594950164
2118,3.958177488407955
2119,122.10215662877567
2120,3.170102316564149
2121,183.76158882411102
2122,210.09766547035014
2123,2.928766066511527
2124,1.6254222937147786
2125,4.144932633239444
2126,5.873810503024077
2127,68.5942189450367
2128,210.9871147682108
2129,1.7587048717494143
2130,2.6640541452383024
2131,5.719212886939722
2132,5.951500723284021
2133,246.09148199393448
2134,68.17943136512237
2135,214.87923369000458
2136,44.96167457009503
2137,218.94430965297457
2138,3.5064458944043917
2139,73.58329553030084
2140,54.87705149247368
2141,46.08149163564554
2142,5.594233354038145
2143,-6.403340701708608
2144,179.56417086757742
2145,24.099208482327505
2146,3.4956318482246806
2147,3.298948374651385
2148,48.11814584211906
2149,-57.25953247968312
2150,5.762440787959816
2151,53.34950665954425
2152,4.875599684957317
2153,3.1805267917891653
2154,2.0722113745165984
2155,2.3425515246436186
2156,5.834790432296614
2157,121.61154814263983
2158,3.718044336621695
2159,354.26111379161193
2160,225.88987470242205
2161,276.968334197539
2162,1.841798193956843
2163,311.2517063889087
2164,6.2031582132535235
2165,2.756210680846344
2166,2.7046737089956583
2167,44.04070771127952
2168,316.8104106223375
2169,2.511755578469502
2170,2.5712451881628526
2171,150.09353505923983
2172,5.327444252796457
2173,269.839946006054
2174,260.88800868719943
2175,1.5497150525341439
2176,4.491703302191408
2177,-62.791308185801604
2178,3.9029750192528985
2179,66.94923873283712
2180,288.01023201608405
2181,2.404332201955054
2182,164.6264323897251
2183,194.44634435192205
2184,5.861438807870422
2185,2.870309642008803
2186,2.785847606160738
2187,4.4648635096497715
2188,265.9437509685454
2189,234.34696899489956
2190,74.21937481881997
2191,2.7334908934112767
2192,2.929634170677625
2193,111.78254762802668
2194,2.676447214650485
2195,4.898952156132341
2196,6.520212392152835
2197,1.9538807755962586
2198,4.452631587411719
2199,3.416617681842306
2200,1.7698362149949325
2201,3.755579823704144
2202,71.66547304687836
2203,2.669385317619728
2204,1.9190250050900635
2205,116.8948587130917
2206,5.206489625242645
2207,166.4724919236626
2208,5.309968551031752
2209,5.851067536947701
2210,251.921991753355
2211,1.8458522328348264
2212,4.698697174803964
2213,6.391735061980263
2214,111.10730890413419
2215,20.907273257797204
2216,71.07952468650804
2217,4.401263881049344
2218,33.12819503302097
2219,2.8092467139477852
2220,5.317747430654432
2221,3.342180175995531
2222,-34.665109182859055
2223,194.6473414343971
2224,-46.04508881209175
2225,175.93437185202976
2226,-15.630869478578516
2227,67.35443902445135
2228,142.69173909264734
2229,158.43574626129356
2230,3.2441585429521353
2231,5.313502060608284
2232,4.293835174310525
2233,257.67543929498436
2234,228.71259249050615
2235,249.14460731875812
2236,3.2270681898297955
2237,3.0785874095038595
2238,250.46717621873674
2239,84.54306751203994
2240,236.20861783202807
2241,2.7012440981226034
2242,231.15663823987364
2243,6.347833354045105
2244,91.25822901696304
2245,241.6844612045423
2246,114.57438342104095
2247,236.46911982101796
2248,5.996493151715206
2249,301.295496448412
2250,133.39730475804015
2251,4.7192451224372105
2252,261.52265431439764
2253,6.109556907552925
2254,156.94151965204838
2255,-95.15407456480807
2256,44.0257388078566
2257,2.366512297529754
2258,3.2290389985533077
2259,69.32635908664093
2260,6.271336945796898
2261,91.4967723172051
2262,2.2462612007100033
2263,84.78766321046102
2264,-10.723007254606657
2265,50.57464247544484
2266,2.3403664420182007
2267,2.616232193915007
2268,5.304980744564739
2269,4.058770764857949
2270,9.621051508678173
2271,157.1037068470844
2272,45.54894399499429
2273,3.6064661433573297
2274,6.110452329308832
2275,6.944583179412925
2276,4.8340943970693795
2277,2.172658993498191
2278,1.099802498449309
2279,6.213880938983013
2280,2.4104742755572195
2281,195.601025593293
2282,2.53164468031504
2283,3.9518102210694037
2284,234.71367750658635
2285,3.432730481642216
2286,-14.284242949920431
2287,5.544826810921062
2288,2.546675336596068
2289,5.123711942610257
2290,-58.77414814086515
2291,40.37812201923583
2292,4.712488553727825
2293,1.8951979643341774
2294,5.108259762825783
2295,2.8034825806093777
2296,4.774770874290001
2297,119.80358808557956
2298,-31.124311632154082
2299,31.063432624936695
2300,3.9180544953423353
2301,5.296065354407736
2302,-91.08646846299797
2303,164.71459456774556
2304,5.701433998848584
2305,41.861932111990434
2306,293.96049806911924
2307,15.495633089700611
2308,46.550442004416624
2309,6.327728140096183
2310,190.67566892906933
2311,-60.81692434039009
2312,93.64342110732726
2313,4.1929233043026395
2314,4.779023598404159
2315,235.46048031698777
2316,7.5254027085116615
2317,3.9841381800810733
2318,249.57972423882384
2319,6.439544779094502
2320,104.29937666047356
2321,3.2449864298839257
2322,225.5248448063343
2323,165.40597144999614
2324,1.9769240054133412
2325,29.477425827965035
2326,3.4477378906577094
2327,96.86069950628756
2328,4.043535471463415
2329,348.228988859968
2330,180.1828218834423
2331,1.8659082366913466
2332,269.50673740448565
2333,1.5672818109933608
2334,-4.614356480973877
2335,5.2972453680845675
2336,49.22910455550816
2337,136.42036703900507
2338,175.02484209682848
2339,20.473767213780754
2340,55.444378354483675
2341,128.93401803051913
2342,2.519485313850326
2343,6.275900556505025
2344,291.39245312342166
2345,5.836163787174868
2346,131.50761045781474
2347,129.54862230921668
2348,1.8504166661267112
2349,259.13061217975246
2350,32.63032819810236
2351,4.699341443105764
2352,4.761869435967435
2353,1.6924843231196682
2354,-32.33866382526742
2355,138.14774380139755
2356,3.6459713456968323
2357,100.72170036159478
2358,6.122788738337842
2359,6.582004867350154
2360,4.489248006392838
2361,6.128524275415559
2362,254.38754510297875
2363,4.540512563765951
2364,257.02427969739165
2365,100.15769379842163
2366,59.811634212664245
2367,43.435353098970104
2368,-64.55871035551914
2369,4.397744640401458
2370,221.70751872557787
2371,36.29095082628731
2372,59.027758590853324
2373,1.9647827415806032
2374,-73.6231504637844
2375,2.1295062836485243
2376,102.41696523481635
2377,108.09251487722143
2378,5.3510767478603825
2379,6.417364788755869
2380,37.047996398287836
2381,158.61575852637728
2382,150.59007463547832
2383,50.39576124609398
2384,3.3601473289903465
2385,243.49917090976444
2386,5.752514685429656
2387,40.00451894629077
2388,258.41005923747
2389,85.69948111184317
2390,1.9067613569077708
2391,106.22593228869363
2392,24.44958156070772
2393,60.19835497227149
2394,139.7630085901651
2395,6.224908268570005
2396,2.4626683202155104
2397,302.2499579865671
2398,278.1711255449454
2399,4.120661166077756
2400,202.89533255222003
2401,51.62024766081094
2402,230.47027807119716
2403,6.301052682556765
2404,1.9971192648159641
2405,5.277111279268388
2406,2.910434625521659
2407,65.70158649054845
2408,274.9268489196959
2409,179.40444237812537
2410,4.4484991263681
2411,6.471656912063848
2412,298.98831259246913
2413,0.6999488068458248
2414,4.199317208417737
2415,76.29470771388945
2416,266.2523881072967
2417,19.37880407734081
2418,3.338729566353794
2419,3.7777883697848766
2420,1.7782062250187112
2421,7.4742359760381945
2422,236.61229941893302
2423,2.6155090068862794
2424,189.325497736821
2425,5.874880656595141
2426,-5.528347893810446
2427,156.0004498409368
2428,23.419020715565182
2429,3.108903223741741
2430,5.99385956239163
2431,3.846587475617919
2432,314.4339159807814
2433,252.11252925639374
2434,4.581629601225881
2435,54.578575402828655
2436,243.4988842645232
2437,-72.93504341239004
2438,5.578906683196598
2439,7.224034509848293
2440,155.54098922345023
2441,6.322728655643392
2442,5.769626173154383
2443,4.852069805500706
2444,-65.00375028319496
2445,6.841563250411504
2446,5.356516075797978
2447,238.90557394678046
2448,6.277702128893245
2449,6.46253939049631
2450,34.94540955822347
2451,3.101865887064502
2452,4.008047006933556
2453,37.04637138523051
2454,309.36674351591057
2455,124.20531311370931
2456,3.1136294209329196
2457,271.5631139378319
2458,6.03956071771572
2459,2.0024181130703216
2460,5.78253366616715
2461,56.94886005474813
2462,47.522345705209915
2463,6.10512158047855
2464,-74.10730935945135
2465,23.795635262729377
2466,212.49258497784993
2467,147.8690052418074
2468,245.07958579022463
2469,250.07931882999256
2470,5.859078135100971
2471,125.73596381971507
2472,2.7857140458564857
2473,49.35190950088004
2474,183.45678504926528
2475,6.500300841005622
2476,116.4808537980227
2477,153.30820568554185
2478,157.1619153876051
2479,5.411083489292855
2480,44.15735006094896
2481,49.861176835594996
2482,2.0479825698871164
2483,4.949898399006402
2484,128.62021105116628
2485,133.68548050065525
2486,6.486120320521045
2487,5.086863218874953
2488,-34.699474872657575
2489,187.51197276276048
2490,5.290986252736215
2491,143.54952313401614
2492,56.51643885286569
2493,32.894000022819874
2494,5.998835165316857
2495,5.219829501375354
2496,70.94035817745197
2497,87.55448828703747
2498,1.9249770351702455
2499,6.633641034715574
2500,1.8798573279217472
2501,102.75331267418571
2502,256.00540549037885
2503,92.11592603594947
2504,363.15377050576194
2505,3.7281834117229677
2506,4.4136998730340045
2507,265.189417676051
2508,189.03075316026715
2509,103.29127702057964
2510,6.497971315296373
2511,186.62851541978554
2512,77.11475011796803
2513,150.1562127323289
2514,237.23631711681725
2515,324.4554667561383
2516,2.1693122657621897
2517,2.4649656763359418
2518,305.87304316436007
2519,4.342401215807072
2520,101.75904921320551
2521,147.6071889331522
2522,2.3210282017140704
2523,6.4579115918435654
2524,4.583856869863375
2525,291.1466415612524
2526,4.11132167665938
2527,3.647568071103241
2528,240.0240221227659
2529,118.17892613574114
2530,249.75018980386454
2531,283.8121204053451
2532,42.52750714231499
2533,1.9649936270106274
2534,5.705509280764003
2535,5.84691572511001
2536,3.6553235096731926
2537,6.079930194091599
2538,5.828137069263329
2539,155.8987056355149
2540,1.8347031855987073
2541,-3.0074580892104676
2542,-21.008016259595614
2543,5.7080200878796195
2544,170.720389367205
2545,2.3184307412463876
2546,274.2838909702451
2547,18.68861277078304
2548,15.970757936884937
2549,143.76384466140973
2550,118.81375529452488
2551,-48.51537765270416
2552,2.3619588669022553
2553,291.13229518302285
2554,2.417484126380529
2555,55.499676992111425
2556,129.11927161686006
2557,4.45411680143438
2558,-3.4697212478945327
2559,6.217078323475083
2560,217.62981776768362
2561,1.9492600116745171
2562,224.72850406959728
2563,234.1714141598523
2564,292.64830394488763
2565,4.755078778201749
2566,4.379232684430708
2567,255.06802004355805
2568,68.18909134421173
2569,70.21591002424971
2570,3.4647745160362042
2571,97.6759305442496
2572,-47.01773175430924
2573,197.3429770260547
2574,3.324708462905856
2575,4.312018264011202
2576,3.3869252908016616
2577,6.329113476914943
2578,39.09254943660674
2579,6.233012179514107
2580,4.701293651190435
2581,2.99265222738546
2582,-45.87478149991528
2583,2.2946824656210025
2584,6.755139944113736
2585,46.30394637105117
2586,4.7423205824657835
2587,235.55816647493518
2588,197.70997880171637
2589,4.907638933601216
2590,45.56162161995253
2591,1.59235936722084
2592,127.84811605467499
2593,59.56590543915317
2594,54.33770053589396
2595,49.84962300471429
2596,47.13191485775919
2597,5.360784091533228
2598,6.406725418002187
2599,-15.2329420581747
2600,3.882970711409188
2601,219.59667002712044
2602,6.098134583627779
2603,372.61433219444405
2604,158.224638969345
2605,39.108195847373715
2606,4.062827344074989
2607,47.212630236747906
2608,202.5553036369665
2609,19.968773218251116
2610,2.6963328281462235
2611,10.727037102368485
2612,3.447285139679942
2613,4.552390180982852
2614,3.390717953776281
2615,104.55763265432878
2616,136.9074064581765
2617,259.0250704866012
2618,203.90523783058737
2619,4.65295797935217
2620,2.328696277761734
2621,3.9187962681264574
2622,2.6625109604069475
2623,1.4511888827613286
2624,6.975113266658648
2625,117.36299014428785
2626,295.6068226067413
2627,32.455125711835315
2628,141.9258702083405
2629,33.08662621684768
2630,103.76579045270068
2631,25.018822639638557
2632,6.118624184127712
2633,278.903370329464
2634,59.08261895285527
2635,159.04004238390382
2636,-46.599990583189154
2637,3.2815474316600777
2638,-64.7532893385673
2639,-48.17658792089697
2640,194.9700611904808
2641,3.4175393141154533
2642,5.603559806702668
2643,195.368485098029
2644,135.34186844940783
2645,221.55110416898006
2646,2.444851466026858
2647,3.324497438467703
2648,4.7537290856318215
2649,6.894826717812093
2650,297.3391064725422
2651,217.2107514393824
2652,60.58316778398512
2653,3.8835353185880175
2654,16.778834630848294
2655,225.9176911523678
2656,250.1971641180621
2657,3.205971798440122
2658,10.648559524835882
2659,285.56777745758814
2660,1.819940973225526
2661,262.9821062217318
2662,87.06623493430187
2663,-4.2285734091717515
2664,83.41531607877226
2665,275.2360965146569
2666,215.57283367833418
2667,-22.64677531295185
2668,41.31699417923438
2669,6.6626154362796655
2670,95.68019223671702
2671,194.2868951691273
2672,129.60814927652405
2673,244.11800750311872
2674,232.61448329087952
2675,1.5219381804553955
2676,-55.00444180943144
2677,361.13925875468954
2678,8.44771504889971
2679,5.4200941455670515
2680,61.757036246321604
2681,5.152867601215478
2682,2.932022691265589
2683,2.300058368882417
2684,2.9236716260094773
2685,6.356107563218067
2686,17.086621262683458
2687,18.9068161276178
2688,87.0428166280488
2689,42.45452541851232
2690,158.7969208452543
2691,76.16382448376923
2692,54.56333386972546
2693,134.61396002628152
2694,118.72738654488064
2695,8.195167370492355
2696,165.3900034081454
2697,3.8557859799438052
2698,2.5992290650246264
2699,4.107868241324645
2700,200.76358253501152
2701,54.39925123442425
2702,32.533239714753584
2703,4.222256358841884
2704,169.23619243864434
2705,3.081278454442697
2706,5.314841506213499
2707,206.0552987037173
2708,3.2590313650310323
2709,51.26117503740245
2710,6.131904102200105
2711,172.51424087682088
2712,1.8465476274522377
2713,114.16671995690153
2714,-53.88399975227099
2715,4.523420609254892
2716,3.0553722672356467
2717,256.5229841857845
2718,4.98606056276068
2719,3.06563101660135
2720,6.3479587449054735
2721,6.553223504530075
2722,4.269646319390668
2723,232.72525058566012
2724,5.851931559350908
2725,29.54070354594856
2726,3.398175950895178
2727,306.8483738543574
2728,60.27845113886626
2729,192.8922813497866
2730,177.36611240105407
2731,147.88989463595107
2732,6.530886844826155
2733,208.15120517719808
2734,108.0904813257698
2735,85.19315279518746
2736,81.38453544131083
2737,212.47184493058555
2738,137.74830433679702
2739,97.55899558017144
2740,5.770217017061179
2741,49.436552617276575
2742,1.3319676731907526
2743,29.211629960637538
2744,-39.409072435041914
2745,4.6320977664187755
2746,218.54004519473528
2747,176.81555400817612
2748,2.941856011967213
2749,5.357323871113646
2750,203.7586908322872
2751,274.96402672549823
2752,2.595005226654905
2753,121.4631606996807
2754,0.5380378871843179
2755,24.315377688253374
2756,292.79760681869243
2757,5.757442228775217
2758,296.32814397319487
2759,76.03497655424987
2760,167.80103856621324
2761,6.421919418052626
2762,3.811510916881528
2763,99.30569385639558
2764,4.647981132896164
2765,128.63416551858978
2766,1.8577066672203408
2767,270.55870114896186
2768,4.240550492010932
2769,3.5008878939611243
2770,228.8785531002673
2771,120.00375681798732
2772,6.7218092251324535
2773,2.9859380690220516
2774,4.535542798875777
2775,6.130134610224557
2776,4.101362990645928
2777,258.191462835646
2778,25.243167861024244
2779,2.2216722649689045
2780,2.922253923474827
2781,242.41556531110768
2782,209.89497950853283
2783,5.8852525150163135
2784,16.713539075880874
2785,5.8301146596106115
2786,3.5733616321439667
2787,53.422630003317735
2788,-1.9164705150565493
2789,160.64612440511235
2790,221.6547513416464
2791,95.5988564773891
2792,149.7392169306931
2793,181.06591565924018
2794,173.49069674455671
2795,54.67871526768051
2796,235.24692966628933
2797,109.71423437763332
2798,40.167904354394345
2799,36.01773451803398
2800,5.429743382708443
2801,4.5023418956816945
2802,3.286752938053052
2803,72.044095629614
2804,4.16408016257327
2805,59.14663708391805
2806,7.06407342633031
2807,27.30286341988463
2808,86.11587288058901
2809,5.9937432535905675
2810,5.708718005284239
2811,204.2205450232475
2812,5.783683941083012
2813,0.23880048970261036
2814,5.880067718103754
2815,264.347309999991
2816,54.80528917147772
2817,284.48869723540815
2818,103.54322916815974
2819,55.776302431441955
2820,160.8135227170435
2821,41.69869637685952
2822,6.1396723361513175
2823,51.90319248324512
2824,272.3118072478384
2825,143.0840709818445
2826,-62.78480888777385
2827,6.456884508413763
2828,5.264943293859016
2829,5.238759523560676
2830,5.685789032961793
2831,5.728085556056822
2832,6.425147831230243
2833,124.47301279225991
2834,3.6432929075185982
2835,3.1894578008392322
2836,3.3484121179342186
2837,3.250838922382063
2838,5.742307662394071
2839,1.9994601696562713
2840,55.95682503473692
2841,52.749320391236544
2842,294.66807262770226
2843,6.145917780587277
2844,176.48293892598002
2845,296.4848592062923
2846,3.587265642006017
2847,97.5093051242062
2848,-1.9674288716349304
2849,-50.87026544619535
2850,6.514586054955757
2851,6.220807462262531
2852,-39.94356496451256
2853,45.99562056242958
2854,2.301976138581264
2855,56.66888156576788
2856,5.815985001075912
2857,41.4434412447579
2858,223.25434219152044
2859,1.5221169699376738
2860,143.40386447130547
2861,296.23745557020425
2862,264.8719044808863
2863,2.809594835687568
2864,271.99609627133054
2865,234.59018351981345
2866,1.828572405359121
2867,2.4411121232235296
2868,83.27913629560074
2869,49.08174711141984
2870,189.129543218488
2871,6.511423332632214
2872,261.7713392991868
2873,4.9744757495861975
2874,18.85951858464929
2875,4.028701663193742
2876,-42.80791195447467
2877,298.1722424453692
2878,-70.93238778822854
2879,4.848943956688928
2880,226.5922894572352
2881,5.634665637107723
2882,6.121723808665578
2883,4.305450066998992
2884,6.3961707303224955
2885,169.47667305622235
2886,242.67329517552824
2887,5.852351657200105
2888,2.1020719594631587
2889,6.298494607086485
2890,2.2654088093597813
2891,-56.69164417763191
2892,156.38427664760795
2893,66.21033789232709
2894,72.49527263068208
2895,4.970812105446523
2896,2.6077259216390036
2897,5.553889818929051
2898,89.70330761158965
2899,31.623007358680006
2900,3.2041348947639596
2901,25.008223018725037
2902,238.9613393875808
2903,269.4023463703371
2904,4.565931492934237
2905,3.970126545157889
2906,27.80026805461113
2907,3.7858964122318572
2908,15.224242234180927
2909,2.1392069941890126
2910,108.06176127948135
2911,3.085851988609061
2912,2.461688471966264
2913,6.317016799603609
2914,42.592883772104116
2915,7.993193908606184
2916,225.36981621545644
2917,156.24429190084177
2918,3.7922901909023974
2919,374.81030014604096
2920,198.8567198088166
2921,5.21176535385669
2922,3.6239506733105555
2923,218.17434253983822
2924,5.4098483905121295
2925,4.849784523498845
2926,5.939296664214273
2927,-6.117975511190429
2928,6.3443796474396565
2929,161.5909369781933
2930,258.47504026189847
2931,1.9555893092626122
2932,5.695647349577685
2933,-32.132219293038304
2934,108.65552891267725
2935,-7.817966760276576
2936,-69.07830831521895
2937,6.227956867149361
2938,-4.964257032388439
2939,3.052396259008863
2940,171.59010250391094
2941,87.4118666611042
2942,60.52470941264248
2943,6.1283238320753215
2944,6.380848245219578
2945,5.861909679578691
2946,6.308909464532614
2947,-52.198881024779254
2948,2.4782084437332035
2949,6.620039341921264
2950,2.8611924048222273
2951,139.5331020838928
2952,127.69278816381976
2953,7.924403718343455
2954,1.7428659606288028
2955,13.625069601146283
2956,6.324298275679032
2957,97.64901526146912
2958,6.4045454001454445
2959,201.67040771712087
2960,6.265976664949504
2961,208.2184303327474
2962,3.491270419400875
2963,3.816732841663862
2964,219.03934968634468
2965,189.66616285597487
2966,4.968206432430037
2967,3.687363779463403
2968,163.97864683404566
2969,-85.12056465872062
2970,2.0964671794270635
2971,216.47842953298897
2972,6.648154749245564
2973,197.07723081831145
2974,264.1845904917236
2975,4.674091492501226
2976,42.127016477984554
2977,46.81093638547869
2978,4.375789105055615
2979,4.4500652730049985
2980,321.19123911949305
2981,315.1484261283198
2982,147.4988072581336
2983,144.8697737296062
2984,290.351159731571
2985,123.84983524499123
2986,301.6794815052583
2987,236.6378299641629
2988,120.37360045599388
2989,134.12240843488433
2990,21.84843967400183
2991,7.129519153859437
2992,2.9178954619714044
2993,5.4513787205612925
2994,21.362161100072736
2995,-4.737227830638796
2996,4.249440380027245
2997,3.4333119232759075
2998,78.68056229937032
2999,155.55228044606997
3000,67.88589113398888
3001,3.0975964518618806
3002,306.82263205255265
3003,4.330002074659639
3004,292.1384635759408
3005,80.93329158588469
3006,99.18213387492258
3007,6.020856075652401
3008,2.8483088741039584
3009,26.183338054147104
3010,4.268301337765804
3011,66.2300926477833
3012,5.17587523644854
3013,214.61400525166732
3014,6.07296857524
3015,4.085819190289443
3016,6.044814985949984
3017,6.221558670294402
3018,4.0898859363195035
3019,226.74403892816147
3020,3.016464969802504
3021,219.5277395954434
3022,277.190986593988
3023,3.1875956113152197
3024,90.47326558405913
3025,242.1518009514963
3026,161.5942662469447
3027,6.300462514899972
3028,5.320436366895894
3029,-17.910966653694224
3030,-57.57517076733406
3031,6.249747984365494
3032,7.016797897272632
3033,4.686100569969976
3034,133.823842488658
3035,145.38145736135533
3036,220.370137036917
3037,6.076037251343313
3038,2.164999466949444
3039,-20.8589050103827
3040,156.95717483150082
3041,4.656362182634188
3042,24.855259865606637
3043,5.799188347619442
3044,224.48903119730522
3045,198.1265926991059
3046,4.480091427440837
3047,4.0832080985948185
3048,49.94009037719659
3049,5.307035802343921
3050,228.64709132339053
3051,102.79669426390973
3052,6.216290622524848
3053,3.950228919780219
3054,121.07074715658024
3055,194.2191959994899
3056,54.75212356188621
3057,3.3853365560842192
3058,99.74943103033847
3059,1.848358965803366
3060,253.92660172432326
3061,4.940836211527969
3062,220.8158698591069
3063,144.30721151509508
3064,236.93295257260897
3065,247.2102271661592
3066,130.2618604032415
3067,40.00966061127568
3068,6.050441770858604
3069,6.080053507662004
3070,3.647518008354389
3071,6.147072806025925
3072,207.2073638569159
3073,142.62085019490948
3074,6.224527657681467
3075,5.906025923055009
3076,150.96626450115073
3077,6.704391517255015
3078,81.71795305095274
3079,5.87792069582175
3080,3.3993618594473287
3081,-12.13278377775686
3082,97.02587390688888
3083,120.0354640280646
3084,1.0333457127887924
3085,5.583646095538604
3086,209.86148227680656
3087,3.062694589291957
3088,85.73169032789934
3089,3.5246907445544
3090,304.7541612830727
3091,133.6757820385418
3092,88.63730170948558
3093,3.6534644278254365
3094,190.95646676001988
3095,266.02814172084516
3096,115.65943192713372
3097,4.485001925707539
3098,6.261696133269028
3099,5.940156744407066
3100,86.89277113014161
3101,3.775899240222353
3102,2.640288896003969
3103,3.481765677964233
3104,57.01544289650505
3105,-15.183200987016507
3106,25.609706575589872
3107,1.3238324784031978
3108,2.667290987345721
3109,6.372503585847784
3110,245.9661767948085
3111,1.9532712470637614
3112,211.5076312924724
3113,5.5184734111049405
3114,28.684553202124057
3115,268.40475634205893
3116,104.76546028357293
3117,22.2413956993204
3118,265.2452570429617
3119,4.563735752925393
3120,52.28519019337076
3121,47.59792997310903
3122,135.65085652960744
3123,3.8920910369108404
3124,2.6735190197990697
3125,3.657577076457041
3126,226.60573007000704
3127,257.3816332046149
3128,45.34943812359865
3129,377.389848245492
3130,2.095066907806042
3131,107.58779071035552
3132,190.22330650191824
3133,124.77019650681942
3134,246.1784058159032
3135,1.697754718346964
3136,302.973526150907
3137,2.8748654766159962
3138,154.99586094985156
3139,6.220809558071764
3140,2.623188595202542
3141,25.188809224560195
3142,3.34593111739341
3143,106.24799216816008
3144,259.12118881048707
3145,4.978360488952376
3146,283.2603152283515
3147,122.94824422116713
3148,102.47911518817538
3149,-20.82236326483707
3150,1.7720081602691176
3151,239.2518165102091
3152,6.918842355510248
3153,216.4037360991857
3154,173.45642137420262
3155,46.49232725514539
3156,43.08135808164702
3157,4.777870811546723
3158,304.01890412725515
3159,111.3610238769512
3160,257.4721197562586
3161,-47.61315944182421
3162,3.663892456722805
3163,195.95876524488196
3164,3.379941909989859
3165,-9.99870488517498
3166,53.69809184197916
3167,6.325289990414067
3168,5.263623192488597
3169,3.4938625382940267
3170,210.8007482058468
3171,2.8568789015585594
3172,231.4406902407066
3173,276.55254639633506
3174,50.267788897302715
3175,-63.08705769998127
3176,3.8272101963080045
3177,3.2200196755519204
3178,174.88904329973428
3179,6.129529469810769
3180,322.9608599367439
3181,211.57775734567647
3182,307.30962235328343
3183,5.97527405090517
3184,137.95585086203448
3185,6.853739273832462
3186,189.83243424861388
3187,291.57945542325
3188,-56.220978065897555
3189,254.46997850129586
3190,3.7515967689786693
3191,205.86267619382446
3192,52.481804383155804
3193,6.057991157261187
3194,3.9758642426003514
3195,5.746021076023008
3196,149.06051704550248
3197,5.269794655058114
3198,177.98382335294863
3199,180.96767086020432
3200,2.055094986823107
3201,335.6507586015364
3202,4.102598635505497
3203,4.557564805125957
3204,3.54391871598607
3205,6.451663544848209
3206,276.0487372200681
3207,5.874225282850537
3208,178.3478501525537
3209,-43.63167451672611
3210,7.150432585708975
3211,195.66482052750106
3212,227.92297566584745
3213,2.720908095917956
3214,265.7622574911052
3215,3.247861497324851
3216,6.19768784996416
3217,129.86605124554214
3218,299.41535215829276
3219,88.81902832836268
3220,62.89109881827824
3221,98.9878666246202
3222,220.07188221260333
3223,358.8930445147506
3224,-82.83665413961337
3225,129.8542226908654
3226,5.856843484904349
3227,5.781837480438115
3228,17.284611638476495
3229,294.30026399163694
3230,233.31103118256385
3231,6.741055904834095
3232,5.018931163628066
3233,5.803490880502464
3234,4.216999123455633
3235,104.91695514168329
3236,142.8291390622617
3237,8.836985585805726
3238,305.21859486814276
3239,6.500745016398687
3240,63.586670037890244
3241,7.561747423692889
3242,2.523238561300069
3243,31.982636881335715
3244,180.82225132304976
3245,5.184138686949749
3246,243.99902624958733
3247,6.175691226804863
3248,70.00542362133675
3249,-18.864374238195367
3250,227.21160366908074
3251,236.92199383804817
3252,116.11902516237497
3253,68.05966091785562
3254,143.46675715940304
3255,6.375106469944439
3256,6.085974965420242
3257,8.766903257270126
3258,2.9618682165892594
3259,42.41237667843166
3260,5.809691674228023
3261,107.73792864106386
3262,338.0892204164363
3263,2.4425720982252193
3264,3.9868283076077127
3265,140.57365152908673
3266,3.6132422272449616
3267,6.62033303036344
3268,2.959222364957945
3269,5.01478533106277
3270,49.51675792467957
3271,215.3410896865894
3272,2.7023414839547755
3273,234.20152228409978
3274,217.223923409709
3275,115.69491286780958
3276,108.38142832138283
3277,6.375143322517316
3278,6.156336210299571
3279,3.26851606751743
3280,144.3269539198553
3281,300.1483858029742
3282,2.847594077101309
3283,374.84278279260263
3284,347.9569092954914
3285,100.74959642891423
3286,3.3133631297130446
3287,-0.5067209092830947
3288,28.30256211319425
3289,1.7902164617738998
3290,60.47507157111221
3291,245.88759890157007
3292,3.1491541117272575
3293,60.761116724865516
3294,200.54949379511095
3295,159.3978331793806
3296,27.78970471058887
3297,195.43538156022893
3298,2.0895725363642774
3299,251.4737467442948
3300,3.686573136048133
3301,203.3567078623341
3302,197.1124183762041
3303,-12.056257860974375
3304,232.55931105266012
3305,5.439300833068894
3306,4.316807884382263
3307,142.6950704624356
3308,3.034218043977039
3309,6.363112434660362
3310,-52.65589697565403
3311,2.4533812334048877
3312,3.839304474124705
3313,2.7766700849790684
3314,5.810696914803593
3315,3.938319389015791
3316,314.4461014464365
3317,317.3980548679283
3318,29.018593455792576
3319,1.8750433797529595
3320,2.2146344403538327
3321,4.934236159306064
3322,140.12909509771006
3323,4.5503420597910305
3324,3.8718576893948047
3325,331.7274067735947
3326,100.02015494321572
3327,-62.77907207053533
3328,6.368217551608078
3329,1.8894427027087004
3330,177.9564133843679
3331,105.49448372065388
3332,3.794865448816078
3333,239.64201149848486
3334,107.04013138642486
3335,3.42764190192794
3336,3.9236726708137377
3337,2.7274949191257036
3338,1.7667256164826584
3339,28.091088079610735
3340,32.17764399362355
3341,64.10132774924269
3342,227.77971341940253
3343,124.22873589569738
3344,3.3795932411138216
3345,251.51054466730378
3346,293.44016194037454
3347,180.00334786691823
3348,68.0907382842309
3349,5.55584530410089
3350,3.756975401653802
3351,3.104783790957777
3352,1.822446921867631
3353,121.52434955218486
3354,61.254274950365584
3355,2.9926438358340937
3356,311.3094940061418
3357,3.266418485794643
3358,233.36630209995363
3359,96.07889676695939
3360,162.89329962810336
3361,3.3480237940191233
3362,3.214360700306258
3363,3.3748025115454845
3364,13.733249955711582
3365,101.38874167131435
3366,37.76169057969884
3367,2.9634264358949443
3368,133.65587877167843
3369,4.511487282132553
3370,61.50292736393162
3371,15.350214537075527
3372,216.0695561676202
3373,71.067755652815
3374,318.1951538167642
3375,2.3024831920345967
3376,2.847327868651224
3377,107.75038666415671
3378,5.823291866528412
3379,59.223587009792666
3380,346.7073612943558
3381,6.555268351955418
3382,102.27323037710704
3383,6.057896787833387
3384,39.01353043399392
3385,4.0958413282673245
3386,52.64775030347781
3387,2.096980153382197
3388,180.37217417187338
3389,219.48898730290767
3390,2.1708718637410884
3391,5.3764359738167515
3392,5.171385903534073
3393,160.8680105179639
3394,127.1650479793459
3395,5.513536528970251
3396,5.814226397000246
3397,158.5682481575808
3398,2.3217778298442733
3399,193.4521793017684
3400,190.96472130485748
3401,4.996021527920384
3402,0.3706606721620357
3403,53.292660762555954
3404,112.19804330463207
3405,171.12496703796054
3406,225.9262010293116
3407,4.165779751793738
3408,100.69965348922406
3409,116.70097245793094
3410,6.263313659200012
3411,4.103723919869015
3412,47.52965075532753
3413,2.1584956461539484
3414,6.488121539616489
3415,128.09037012249908
3416,67.53693207431317
3417,195.90859802884725
3418,156.6918170518694
3419,58.820515874036545
3420,8.53526578209736
3421,-74.2275013560711
3422,167.2216846051782
3423,2.0901515723820534
3424,3.531865347471716
3425,25.148865589668493
3426,3.490751221804713
3427,46.07163335121056
3428,2.714486209356527
3429,328.90036717611576
3430,304.60081514405624
3431,105.06878588393629
3432,5.874004881503914
3433,99.57665795392691
3434,1.9101352479032725
3435,316.13007406007443
3436,225.65476113018707
3437,3.3180084747557945
3438,40.40751105771467
3439,285.1170476793641
3440,6.313377921640149
3441,4.475225592987901
3442,236.84521561415502
3443,4.9113874081174105
3444,200.00793591599427
3445,3.823188741145654
3446,5.895773223270927
3447,224.34764832516285
3448,5.3820050764285625
3449,5.623197630927141
3450,106.1979751480803
3451,191.54109202627018
3452,1.7386310507251914
3453,2.406127039351081
3454,10.194382858002788
3455,4.229967025801418
3456,5.619769201823171
3457,3.783856931366942
3458,6.086812356618735
3459,171.1934964594834
3460,-42.467655407765506
3461,2.938218413201022
3462,38.41389847653595
3463,238.51760404644153
3464,3.7836794857141056
3465,2.7726471221251496
3466,6.46792217596211
3467,110.87811034384801
3468,26.577627959982294
3469,315.7285249959871
3470,149.6547339026275
3471,6.4809327327382675
3472,276.18591330019217
3473,6.830352298714289
3474,4.147293943387222
3475,4.723120399760528
3476,42.242868859588626
3477,3.4586654154973218
3478,6.48293548553341
3479,2.8532495623878007
3480,116.0391446145158
3481,149.3339288979211
3482,74.1604900688567
3483,54.77586803553183
3484,182.31024173032674
3485,2.222207523329451
3486,216.10141702614504
3487,5.858448527273097
3488,5.166976552009197
3489,3.1163496285170345
3490,6.402273567604282
3491,3.003166603873034
3492,2.5593701450363953
3493,307.79874286415304
3494,168.11846403055034
3495,6.243724325203655
3496,6.501016840072376
3497,4.464637310168763
3498,6.469924727303038
3499,-9.932354493845713
3500,109.27061072155095
3501,282.7256476683053
3502,6.264334944959195
3503,3.7155698619545214
3504,152.60301444270314
3505,140.89116878638026
3506,87.77987765289093
3507,6.192805741562563
3508,3.1352651262242466
3509,2.9406161213198083
3510,280.94949641089386
3511,1.9757120261455592
3512,59.688230640952895
3513,81.32077548587849
3514,3.2621254155617203
3515,66.31151728547293
3516,3.1801611981853055
3517,196.13966740998058
3518,4.308037628279945
3519,241.5527894652831
3520,324.2860980262791
3521,1.8874444556993635
3522,62.039532381099036
3523,5.127331760176395
3524,6.3429638035082565
3525,5.170038941245441
3526,24.29389356092838
3527,1.6989553495832581
3528,285.0434430139069
3529,188.95320930272644
3530,2.760692284114328
3531,90.2404695713836
3532,267.68830580212375
3533,44.58107884763821
3534,8.201787759895561
3535,81.7595399239617
3536,3.4939961336752714
3537,71.50932644360144
3538,6.851178814011955
3539,50.81881473169996
3540,155.2578341706985
3541,-54.17292592915345
3542,2.9838371457674358
3543,178.13014354211745
3544,29.705542592829197
3545,2.6746670358894735
3546,5.9728748773612
3547,174.14117141347643
3548,5.247501796234053
3549,1.78958407418613
3550,4.489770845792215
3551,4.814233887822141
3552,5.619910861582032
3553,6.472997804659151
3554,172.85107531897924
3555,4.218382825364138
3556,2.5897715560420407
3557,114.28129547664136
3558,5.012546797599569
3559,83.22575574863748
3560,51.47638110566893
3561,6.024576438804607
3562,3.748576514446569
3563,-48.08859652137582
3564,5.843460130032788
3565,4.995236240047192
3566,180.64001045264996
3567,1.976118184408346
3568,222.23596967619397
3569,169.35532698973364
3570,42.235103006755224
3571,198.38823682009294
3572,1.8573159185035966
3573,6.2068742125380885
3574,5.756988654867964
3575,2.1481111532947232
3576,5.0297842169620335
3577,5.830805833214763
3578,82.24509769549438
3579,1.9645797137507626
3580,76.53225720369815
3581,231.0032179559693
3582,60.42371838525496
3583,70.6603833660586
3584,6.5839432716739985
3585,29.539372258151978
3586,5.6955336562727386
3587,36.80278102195294
3588,3.0581050569141617
3589,219.0533983083222
3590,2.99308684324717
3591,3.3586193343064856
3592,198.91483749782495
3593,4.659121672633317
3594,15.390928980168166
3595,6.554047154382568
3596,36.175656188159365
3597,313.27281765490613
3598,67.65678240858864
3599,79.9093139884688
3600,2.7783691705598352
3601,301.22367570249264
3602,20.8224156838952
3603,5.672018559514064
3604,2.8693502278975442
3605,153.663762841775
3606,2.1135858527254427
3607,3.730688804492827
3608,267.9293959334535
3609,197.22946778930503
3610,28.227882939316068
3611,5.574283539818854
3612,285.2011667575649
3613,6.61501975166873
3614,4.674688127157412
3615,6.853830603818748
3616,65.40011497068694
3617,4.762080639457347
3618,2.945927810658137
3619,-58.41410874739842
3620,18.21007422811392
3621,56.32946428304533
3622,5.216740585721001
3623,250.16625591791004
3624,-11.795226010794547
3625,93.97245930548223
3626,58.116258587435276
3627,33.068580007636555
3628,6.252681451007896
3629,23.895946103960664
3630,244.35061277002953
3631,307.78714795111466
3632,257.4914889638659
3633,234.8573068646966
3634,119.19805332100056
3635,139.45803180126163
3636,4.685377489124434
3637,40.46584155868675
3638,52.26091871120667
3639,4.970590463758464
3640,347.0158949958753
3641,207.02983028377233
3642,159.51668876214157
3643,212.309184629122
3644,6.495226378358629
3645,108.45488491789618
3646,2.331016727621176
3647,5.876413771285355
3648,241.10456971211812
3649,-6.181248823955806
3650,3.075837020581668
3651,187.7450954967178
3652,49.29097286409056
3653,-4.700119229347558
3654,70.81714499083391
3655,2.0142301991253078
3656,144.120848742291
3657,5.4720795267295745
3658,7.886375007326146
3659,4.500503999996887
3660,5.772110658761546
3661,33.46592740590783
3662,1.983210171001496
3663,5.599522878488933
3664,119.19821403365914
3665,4.670078440992038
3666,285.81875656099226
3667,245.68903043208454
3668,261.9021261321409
3669,232.13934743740282
3670,7.379498246606266
3671,6.8755003457588195
3672,233.34499505413748
3673,5.220151197121403
3674,295.531040825721
3675,149.1559390693458
3676,58.0030387877874
3677,28.49526535027052
3678,-15.58078446905718
3679,4.467015887669709
3680,3.8514504832813596
3681,153.98838298543694
3682,76.38106079493272
3683,170.8263047430837
3684,53.857074312023414
3685,143.11765203382487
3686,297.81903513140094
3687,98.37926882074024
3688,284.86839183816005
3689,2.0288094949879394
3690,170.8923873035213
3691,170.29005404836727
3692,302.77510958801474
3693,275.21920889013666
3694,1.1119463286698696
3695,249.27133055629398
3696,204.20353880590582
3697,0.8971919095653468
3698,-49.137505135669244
3699,4.423444858327626
3700,5.566897590023924
3701,367.4435509156293
3702,3.759715113076947
3703,3.9985246065164066
3704,6.602362304483053
3705,1.4728949584112199
3706,71.34955755373174
3707,-2.2412006103022564
3708,139.07140082292435
3709,3.0233363001589164
3710,5.537474869474785
3711,336.9620547460845
3712,63.17329064669836
3713,5.774853934346479
3714,327.78758021548595
3715,2.749133157478883
3716,2.017610349718476
3717,160.77951233533256
3718,61.82068522854337
3719,151.75467198851447
3720,139.3358745574789
3721,2.930207382996921
3722,3.949337626320792
3723,3.3398565761887453
3724,1.8568810707619634
3725,64.19818758804081
3726,1.772346884953064
3727,235.7916361952845
3728,53.365327568259346
3729,-32.53104991819532
3730,142.04168464675476
3731,76.68454711722316
3732,3.338902528217323
3733,-49.44807818972687
3734,3.168366185363856
3735,2.6373742063059527
3736,-32.409187807868165
3737,6.501960154092346
3738,186.28907826856465
3739,-44.01447124523787
3740,260.56583728842224
3741,21.84562650512379
3742,277.69578893040455
3743,2.356256107393522
3744,87.31960002173285
3745,-26.29402747465566
3746,4.494046768729647
3747,4.915979377729242
3748,209.38633914828586
3749,86.51689473024398
3750,1.499675
3751,203.8602200979303
3752,97.52484487009978
3753,4.866931900019612
3754,3.6274828665581955
3755,33.24428174455189
3756,5.61438092889816
3757,30.749807140112253
3758,5.85502174981892
3759,42.3981100464099
3760,1.9160464103572088
3761,6.87278793381058
3762,6.053231067971595
3763,120.32068256201156
3764,170.6548215339908
3765,371.41674970611746
3766,7.305378967632322
3767,294.72199481784094
3768,57.542867481092955
3769,1.6810219911109665
3770,156.08908775572496
3771,3.4239706048276037
3772,191.9781845633034
3773,238.89578089337093
3774,2.6597546759322945
3775,3.4699916144611875
3776,228.3900822769625
3777,6.452444193864672
3778,244.12534080359615
3779,279.0201602662347
3780,6.119360087407332
3781,6.348767084718491
3782,2.243347370645136
3783,2.073094522992387
3784,5.550807036918393
3785,19.71972929712038
3786,83.7459228327576
3787,5.871374933941388
3788,6.527928912004713
3789,273.590836726715
3790,6.954889893115229
3791,6.281413762317148
3792,3.6488124649894123
3793,20.099158568799986
3794,-7.97792704542985
3795,198.96495495440678
3796,215.4615345325523
3797,4.710487163348414
3798,178.2697932717893
3799,-68.9680558016409
3800,245.59271099802692
3801,126.95922001577449
3802,154.30511888972316
3803,63.73668545671147
3804,48.55418268684941
3805,4.000678368110696
3806,3.0158005765353217
3807,72.74405358993248
3808,3.4899644341295852
3809,-53.547940181208524
3810,2.6985089919018392
3811,4.578352406634586
3812,270.0851391578111
3813,3.7394902175009053
3814,287.15501308831665
3815,7.042205616455094
3816,3.5341759729621045
3817,51.942785867053345
3818,6.428840033167383
3819,2.5554772780955317
3820,121.61504089148053
3821,7.494282689496846
3822,5.342976119882575
3823,266.1638573783605
3824,5.049201482663732
3825,265.76661656656063
3826,5.961512692264609
3827,309.27805203146215
3828,310.18218677545565
3829,6.348829132423882
3830,235.29562026830817
3831,58.05954795518243
3832,1.7788971576652894
3833,57.64147356026824
3834,75.98177580182498
3835,2.696332513471047
3836,5.384804741157254
3837,6.662485981331933
3838,6.050088876290918
3839,249.3393198489956
3840,5.723572255263713
3841,130.8683468634036
3842,3.460877775133687
3843,234.11664943088164
3844,5.927881575808887
3845,6.218765867383719
3846,6.374704785599888
3847,85.21968880571855
3848,129.6488765941736
3849,195.93950052840802
3850,12.856368600415824
3851,136.49892301288924
3852,267.39137086607786
3853,5.5548923268994095
3854,237.36715212323196
3855,1.8666391162488767
3856,59.3294154595702
3857,4.049132400639246
3858,2.881331368275119
3859,259.21626529067134
3860,6.080185300802301
3861,-72.29280795150726
3862,-10.045463355073835
3863,3.5499507812803808
3864,2.8221780804725736
3865,310.92583331329115
3866,4.07138641422458
3867,206.7224233838856
3868,4.756441517602342
3869,3.07338194521596
3870,117.66919308557327
3871,38.422776005407535
3872,4.22566803635347
3873,25.801656485149824
3874,350.02000395912796
3875,278.54302098160167
3876,99.48160414722263
3877,-94.15771118007825
3878,190.59272913369253
3879,279.64312380396746
3880,6.33230801275711
3881,3.7779842356887734
3882,2.282414750523884
3883,189.61059019347186
3884,151.18284199811805
3885,6.343408581101924
3886,5.471331151669384
3887,6.070470593143842
3888,2.8308138280357937
3889,174.21038884820015
3890,1.377248895379051
3891,3.37034422793624
3892,138.82695256705534
3893,3.2747703844305787
3894,317.13166094632516
3895,-30.351508174383117
3896,29.19740336028775
3897,234.793201066073
3898,201.72798938328353
3899,1.7358575129413731
3900,70.11337391823301
3901,138.30979239112554
3902,2.7948881401435557
3903,40.12507659883005
3904,59.56429517365861
3905,3.6883287695180766
3906,6.607033972398524
3907,205.59758343947337
3908,145.81742621503082
3909,3.276638958654766
3910,4.540265260225341
3911,222.78277660714272
3912,4.338646399963038
3913,42.786822772740415
3914,274.10012149675674
3915,6.891901957812057
3916,5.716949481422866
3917,3.8997315828315244
3918,-35.216452599699636
3919,4.957556387838487
3920,34.30666639386907
3921,76.88983680223276
3922,6.752014106116805
3923,3.5383504796425593
3924,357.49768548762324
3925,71.99055454012188
3926,2.176278052410954
3927,250.54196345534646
3928,3.623725653377772
3929,5.494001564574493
3930,6.297540720612163
3931,187.39488159967382
3932,3.8905248237189722
3933,2.6797428301969224
3934,6.307812416516594
3935,230.30681210954586
3936,1.6309368304095617
3937,3.2709355775521267
3938,3.2204668447258995
3939,286.7971942594231
3940,6.169880843565378
3941,6.079366589895203
3942,5.898613086363044
3943,3.003548493738861
3944,6.027148202510816
3945,346.071448581646
3946,208.20959212477
3947,39.50513442712136
3948,144.07990494369426
3949,5.360358798333403
3950,260.44224498488245
3951,1.8345072788077164
3952,81.25546432400094
3953,138.56233986897195
3954,2.873125181889988
3955,6.031530627062185
3956,155.000169425826
3957,52.88929117519463
3958,78.56507629885812
3959,223.04712022094273
3960,6.057069273694724
3961,6.445712628505933
3962,97.9699103564967
3963,5.8319172961165275
3964,147.37732940943437
3965,6.442791160386297
3966,3.2990009208089197
3967,3.385629117311656
3968,172.27460379816898
3969,63.12752014987369
3970,2.786761290685555
3971,3.5401621072994254
3972,3.1141056396748743
3973,3.2979674886027803
3974,28.116081879663327
3975,46.39905829623414
3976,3.292923120520892
3977,4.0112213289289596
3978,3.6502262800119487
3979,127.21761782687244
3980,252.42796039180112
3981,265.96532634433254
3982,5.6154277589683375
3983,2.984821174190239
3984,371.4286225990844
3985,232.9104425071957
3986,147.18923103193893
3987,109.26538100269673
3988,3.601709535286314
3989,-13.356107942493615
3990,70.79037579594393
3991,275.424608508501
3992,5.791165931600619
3993,5.926475701545735
3994,38.59182091864246
3995,121.2135432798824
3996,4.344002398168552
3997,95.68019223671702
3998,2.9486336102728625
3999,270.0352872768899
4000,5.375263651857146
4001,4.424621370089422
4002,72.66969770896895
4003,166.03959767596598
4004,2.283625613791519
4005,313.31582545647404
4006,81.02732918260232
4007,6.788594746062746
4008,3.3886081376746753
4009,5.6795523852728795
4010,199.56610209720805
4011,3.19098054443343
4012,6.376038151227272
4013,252.9783107292786
4014,5.804157650338401
4015,6.3121183607530345
4016,77.54863862050242
4017,158.7841797263969
4018,115.59654856941302
4019,1.3649519714874765
4020,1.9594380597935452
4021,109.18781495985702
4022,60.35440593162839
4023,4.0240945522721825
4024,119.59790811384288
4025,76.14590564416903
4026,45.724418898836575
4027,259.73575466394766
4028,92.80637230557846
4029,6.48526958912347
4030,2.352949694747335
4031,108.11610713784637
4032,80.39358444381851
4033,3.5190065955238325
4034,250.3379210561139
4035,133.93044720249134
4036,3.359129020725197
4037,3.452299781968392
4038,5.902452079311789
4039,5.779830057719961
4040,109.78803205226248
4041,332.1504663382061
4042,54.75789727977206
4043,259.9168151582809
4044,4.470478676985725
4045,14.80999132268256
4046,5.795521115155832
4047,4.057625252672011
4048,260.76350806995856
4049,116.67245652173317
4050,294.9989248552164
4051,35.79770387644582
4052,2.6133823884990157
4053,4.1038926219684
4054,5.509955341160364
4055,4.564254901739574
4056,264.9075301436287
4057,6.8371237780594605
4058,264.63957525090996
4059,45.10300271438747
4060,256.7222515363195
4061,89.89327004013687
4062,3.9425522268035995
4063,2.1880684120177567
4064,173.14282558206503
4065,1.9377274446185204
4066,92.13979850485991
4067,182.7649113711386
4068,190.7798931774323
4069,359.58885359230305
4070,3.017423277242405
4071,2.7848443057640386
4072,2.283022395597458
4073,3.1443353059262122
4074,4.0530906741163975
4075,-35.40065855189537
4076,22.209751670731936
4077,4.653827652663136
4078,6.172142014773128
4079,7.350389419431449
4080,280.89219361754397
4081,3.7561156827352766
4082,128.16891689377175
4083,4.149158291013656
4084,3.0961075853135895
4085,41.7801340743316
4086,0.7262266195629028
4087,4.103729225272543
4088,4.366464274905455
4089,71.29725188848263
4090,135.22813823447092
4091,4.459369952295071
4092,78.27906883107698
4093,16.056709107445975
4094,4.988965948876329
4095,6.566820076587986
4096,2.4403764967384998
4097,2.7324812179193856
4098,2.635132524309428
4099,-56.30065160015404
4100,40.26601200430174
4101,6.821144090325253
4102,4.419059223113728
4103,66.38565099474481
4104,216.43875190844878
4105,5.978651892360116
4106,114.83923673788341
4107,94.55042136360413
4108,89.16918673911485
4109,261.2333644487071
4110,6.020633897837332
4111,72.31410257571098
4112,86.12200051742852
4113,3.2617479354548617
4114,5.233827228496899
4115,80.69755842419895
4116,133.0165475585326
4117,70.00001974254755
4118,270.13051910417096
4119,262.34827999087327
4120,233.39146029303046
4121,79.49463507171414
4122,-24.338855690450178
4123,2.20340465833253
4124,96.00433912985183
4125,2.39521096827891
4126,69.71519674545151
4127,5.800379205293685
4128,1.6656118889820288
4129,6.268739871135137
4130,1.8765796459645105
4131,60.40316274345189
4132,6.224934416767534
4133,4.809781230520678
4134,119.47565435016548
4135,-10.27513580628304
4136,151.15468358094486
4137,346.4932829359842
4138,-10.511655444302239
4139,95.39286000030118
4140,68.0502091742002
4141,4.102164189321179
4142,102.17581907038786
4143,310.6761687545626
4144,80.24135227772273
4145,206.0127873794008
4146,64.63146214439386
4147,65.65401876502177
4148,281.464325232596
4149,49.23549767174286
4150,27.080558519361794
4151,64.93744765731157
4152,124.54944113724017
4153,3.9236390836773767
4154,368.5406979185341
4155,156.35314697047767
4156,3.2112888565567546
4157,1.8931972158846637
4158,4.132129265493143
4159,4.461553160269297
4160,136.6412417978783
4161,178.27684123854183
4162,6.008849087139829
4163,67.94412490974071
4164,155.6141869816465
4165,-3.9002477430812688
4166,42.329370449235064
4167,104.21475269656405
4168,23.03452985651055
4169,2.37966981958666
4170,-17.621556732254945
4171,87.85986735119559
4172,4.260995677126389
4173,3.902921800571401
4174,84.71357976619694
4175,122.85231537873582
4176,1.9639401758738688
4177,3.573511036026072
4178,35.39436676773166
4179,127.23288839611843
4180,177.73188977077012
4181,52.561270050358516
4182,54.7281844709477
4183,22.27253891098241
4184,188.67423171292896
4185,281.02571828482496
4186,2.893630947402745
4187,78.77288027783307
4188,4.0377346237120975
4189,4.5905460775212426
4190,121.77430058802204
4191,2.033898795345843
4192,28.98094760102874
4193,49.643032575542165
4194,5.8251633396313
4195,3.990692288713232
4196,137.7343799767862
4197,6.254722650680296
4198,3.2200861288598563
4199,4.8891936743922795
4200,299.7602526834487
4201,259.4061815660699
4202,194.24234528352625
4203,5.555272339399622
4204,87.84648380237775
4205,5.403289183789349
4206,7.609456902224815
4207,142.7195536318914
4208,133.2138452508395
4209,231.26255736792893
4210,-59.31461031152757
4211,1.8140719648256673
4212,5.512876549283426
4213,-19.06944032456326
4214,7.025155824149799
4215,3.0154779878777425
4216,2.1002704297045813
4217,3.019850569705684
4218,5.685789707690109
4219,39.506398212957265
4220,76.01932916638007
4221,1.7447924749869432
4222,112.28815777105581
4223,2.9641214921987413
4224,6.832032073166089
4225,4.914851558616302
4226,280.3616102105809
4227,2.5347274025321713
4228,223.741193092531
4229,120.55643862850354
4230,3.120513071382088
4231,2.1851663532960064
4232,44.038380113839885
4233,3.2768033354522332
4234,-0.9205564863080093
4235,62.43314215988552
4236,249.12252583190872
4237,155.4211938622919
4238,3.0006019087824667
4239,73.51802730276596
4240,9.925735876746774
4241,41.08350448577737
4242,241.4067364700998
4243,-70.25380200268036
4244,351.25743838264884
4245,4.686057048835881
4246,1.9946133364167498
4247,3.8049214531978284
4248,3.986086330550861
4249,-58.22138524098416
4250,-0.26641103153175383
4251,293.93699115822744
4252,6.423598197606416
4253,6.035619850521262
4254,5.280046855381517
4255,-58.18790577228019
4256,-2.303112741521299
4257,110.56697903712397
4258,2.362544486491511
4259,1.499675
4260,84.58264669966054
4261,2.4305094168300228
4262,309.54582969121054
4263,100.64565817727065
4264,2.884355473518652
4265,36.821472818146425
4266,4.175254366528936
4267,4.764054999610181
4268,6.164116004715183
4269,178.94868635913645
4270,196.86665432871914
4271,137.43098737063406
4272,4.527083714884153
4273,8.180816921992976
4274,58.67874995344428
4275,6.529663109845944
4276,307.14432183321105
4277,233.92586147087005
4278,374.4461329213982
4279,309.4821317925067
4280,120.89058536477975
4281,42.43285741952595
4282,15.143200948844157
4283,6.818321069320749
4284,4.763722929638899
4285,112.23361048263844
4286,307.5212535111958
4287,1.8142215350604634
4288,168.0683372724402
4289,214.43717507363567
4290,143.2359797864134
4291,3.014647949337647
4292,4.929900513516184
4293,-3.454939488476333
4294,-48.994080392561806
4295,0.8600978548875309
4296,5.4290833183807505
4297,6.47198077398837
4298,5.892182664074674
4299,55.58420186047015
4300,44.34140622298765
4301,-32.50254737229776
4302,153.33174442972611
4303,1.7790529528321257
4304,-54.41197602892421
4305,3.744197244418333
4306,300.6323342428889
4307,2.894082697361683
4308,29.968542518145327
4309,4.240108272192602
4310,3.0472586065584886
4311,-3.1212091327948475
4312,304.93144292464876
4313,3.3786544414213933
4314,2.8371636820554977
4315,228.40767258985528
4316,1.4649678833807942
4317,183.76158882411102
4318,5.981997422761337
4319,34.25854963100636
4320,116.26923145884264
4321,4.446680689480165
4322,305.08812004287927
4323,100.46188099593516
4324,3.2146138832173863
4325,6.458311495352238
4326,3.7046385890969367
4327,108.05349434684385
4328,132.1230805803239
4329,209.71814767231336
4330,14.266529757725685
4331,2.7244688364785627
4332,2.294553126739478
4333,265.6155511917907
4334,3.4467717879457234
4335,3.1640930668972587
4336,2.1389669146338477
4337,5.754396467756893
4338,6.948152753768952
4339,4.4644317421487
4340,-34.70335410922652
4341,73.02733355089919
4342,194.08465544948658
4343,178.78741252508968
4344,146.52913374561427
4345,5.856055868065416
4346,4.555910671261387
4347,221.12227329452986
4348,5.392702833840394
4349,146.77914197212613
4350,-21.586961757241774
4351,87.21180434098261
4352,158.75044715200912
4353,5.104083088694469
4354,89.93002435286266
4355,156.55474495742035
4356,2.0193613099787817
4357,5.063024567200753
4358,304.65613743233666
4359,221.8316707041682
4360,3.2757228676802965
4361,22.96234822336366
4362,0.8565622179887411
4363,3.4264662952590976
4364,5.3225797025792385
4365,1.6191136510194983
4366,3.1587046971666384
4367,248.96795379581462
4368,-25.6279460478461
4369,78.74730491032444
4370,6.224931156032557
4371,196.73863403887933
4372,78.36254255349644
4373,331.05877456826045
4374,6.550837507344943
4375,225.13305088740154
4376,288.67998556439557
4377,5.2227169051774585
4378,5.805435688590094
4379,194.39868112747104
4380,2.9938835880478134
4381,2.5830522318416813
4382,6.463931796387638
4383,36.021661745376335
4384,4.46710600711529
4385,225.55740140673635
4386,11.488774955099615
4387,315.2138916872342
4388,79.58652580713704
4389,6.519736742027748
4390,4.304881279863987
4391,4.322729398102549
4392,2.7664147996703488
4393,116.77439863588262
4394,103.68838983156664
4395,3.058144814614302
4396,-13.467502164696707
4397,2.6279307089636927
4398,6.453058312824577
4399,3.0354470751460516
4400,255.15423361022604
4401,6.560450385965822
4402,225.37183533199573
4403,280.63211607849985
4404,239.31099923063505
4405,342.41931053260635
4406,25.596276710360154
4407,76.21592213710858
4408,6.294970654659702
4409,100.41130586152215
4410,-87.79236775486186
4411,2.798224372526216
4412,271.4757035700453
4413,206.4483249319464
4414,4.127764496754143
4415,195.8360047322673
4416,54.63617704939231
4417,2.721700375349852
4418,224.37002548535398
4419,272.54415731913343
4420,351.12068620249295
4421,352.34683967397825
4422,1.2560198659234256
4423,1.5340290670232737
4424,45.94053960399658
4425,178.6421175550394
4426,5.325401304152017
4427,212.46720089130488
4428,6.1544039850237535
4429,5.095633706836566
4430,5.249481542047466
4431,186.6438617305478
4432,3.3878108789165786
4433,4.065020222595426
4434,121.61186083457898
4435,5.612496013784339
4436,6.25556138077436
4437,5.184958876799046
4438,92.81795930350934
4439,6.958751757262153
4440,270.19969271022774
4441,1.825822608593369
4442,219.93366571121555
4443,6.646566972627228
4444,253.16656117252367
4445,3.674101186175454
4446,3.697437801038248
4447,112.97266665015819
4448,4.988399788662409
4449,-23.579368519096302
4450,72.17751129293764
4451,109.31124495786496
4452,296.3773707183386
4453,260.91687376875416
4454,4.829126347924566
4455,5.4800951668365805
4456,217.70183787143222
4457,3.823933322721561
4458,6.890034902849013
4459,76.4299196976208
4460,0.5667542871913527
4461,118.16288680381163
4462,158.80833027170223
4463,38.80015108821446
4464,4.238571017261908
4465,103.31758888698901
4466,4.582403088089318
4467,2.5110632832699835
4468,1.7548892245250838
4469,2.2953589674464436
4470,4.7588551616113595
4471,2.744869528111149
4472,244.7933388957301
4473,3.6888913108507695
4474,253.29001466993262
4475,3.824950574899553
4476,93.0933378994987
4477,5.817214879108738
4478,4.161576654905463
4479,122.612347473819
4480,289.7381076386878
4481,4.113796193607904
4482,211.95498062483009
4483,54.001919948715425
4484,321.2112082996058
4485,209.923419867489
4486,2.4815888294743598
4487,91.99597094898812
4488,53.10792675868419
4489,-42.63717159208451
4490,99.86330386411153
4491,5.447771239921297
4492,255.81602287652308
4493,320.88879453559684
4494,18.944112255171188
4495,2.754400254121074
4496,80.55205731769787
4497,6.641040332387596
4498,205.56154975349372
4499,310.41116574566513
4500,158.05645929416252
4501,5.331499680548397
4502,5.885338230745971
4503,172.24073695810776
4504,20.468673487298265
4505,53.51963552875025
4506,2.8382220975158585
4507,-8.098842653030285
4508,165.19406491640927
4509,39.72821541052439
4510,2.2000681520561765
4511,269.80210973214184
4512,53.16656666886645
4513,85.95866404558339
4514,2.53521889961835
4515,3.0613220942482817
4516,3.445799557286068
4517,4.890456687522265
4518,21.828824393053186
4519,103.03589897603942
4520,56.007736372118565
4521,2.4956515344499186
4522,87.18044168198517
4523,6.650063411637353
4524,230.37715590552682
4525,15.434017556049529
4526,2.273548509144503
4527,103.08772681083929
4528,153.1803481901269
4529,110.99530536892767
4530,182.16868499246996
4531,4.209379924330956
4532,4.213531520987287
4533,4.446186147344536
4534,59.716286517695266
4535,5.801477458647318
4536,2.1240745379359645
4537,1.9238635249711669
4538,6.147058427055278
4539,312.08155532819444
4540,150.8630862767304
4541,3.560291627574756
4542,2.8566885947920597
4543,206.68449386113863
4544,37.16817440676111
4545,4.907014539602818
4546,27.38110573853124
4547,5.861561298161183
4548,170.3324246836909
4549,4.376609293117677
4550,243.40389847231023
4551,23.66617524899672
4552,92.21904715440827
4553,111.07774288941567
4554,4.598860944912667
4555,183.13595795207607
4556,295.5981435788217
4557,4.840652882203743
4558,4.262590102058631
4559,61.764908139508265
4560,6.9340098561819214
4561,5.233194246286272
4562,191.54725468620416
4563,44.288910087419005
4564,232.72220012604734
4565,50.68684811171126
4566,214.3809621817232
4567,269.23019523454843
4568,128.51852973911045
4569,5.100040891889335
4570,230.90149529751926
4571,250.29447005854794
4572,5.247623137442936
4573,3.313723964121759
4574,2.0582773282617204
4575,5.682577458980358
4576,149.6611135351959
4577,244.25689202167882
4578,80.03475742594603
4579,31.82141941927049
4580,0.15609
4581,357.26249851660634
4582,42.99479752728592
4583,1.5400448564672704
4584,301.79378581930234
4585,36.669325676627345
4586,6.0187813305415325
4587,3.235772175510122
4588,1.5018869569979298
4589,4.189622995193963
4590,3.137432950568034
4591,66.14952007228351
4592,5.411722003626993
4593,111.85465007018809
4594,-15.401972457352496
4595,2.72288639978375
4596,60.891464764854675
4597,146.55570067363652
4598,4.92272735186725
4599,-46.43685108583847
4600,76.30637784616724
4601,7.064274567091255
4602,5.443210219734146
4603,5.318893217684948
4604,63.7980534006262
4605,2.260786189495179
4606,135.44120457225162
4607,23.917371166478578
4608,4.289304156254685
4609,210.07396100386356
4610,111.78812806131052
4611,126.92840785226105
4612,2.7919181849694183
4613,-69.42450225418698
4614,63.45467680642244
4615,-32.19429872392841
4616,4.236679522092736
4617,4.893769061918283
4618,3.7384679040525053
4619,6.269251616863133
4620,6.5323715585288635
4621,101.89185441468747
4622,4.046177346310341
4623,6.0950767191631545
4624,1.0319953015693664
4625,104.66812381900517
4626,43.94929924327307
4627,5.0502210653601445
4628,5.854435307556672
4629,64.29622835680263
4630,5.437625310325236
4631,14.854643296913252
4632,6.503607429792591
4633,231.81234303126695
4634,5.782718768387434
4635,5.764839822913913
4636,60.87073832968805
4637,6.854717480986936
4638,418.1751404263266
4639,287.5091635633804
4640,2.1594632633764075
4641,196.1723337407504
4642,150.84532346275813
4643,52.25575872535268
4644,41.56957886978824
4645,6.030535213200891
4646,41.850066998830535
4647,50.18474046205965
4648,163.67218028686727
4649,111.58644800658051
4650,117.62206699380528
4651,54.48204803586248
4652,4.549510032103624
4653,257.66008981322545
4654,0.0291271076817754
4655,5.470847077016602
4656,3.0850213754461357
4657,3.0433269145268507
4658,6.468486495091001
4659,45.6763595053308
4660,1.8097324059093784
4661,2.5759883668609396
4662,3.8281460287102846
4663,117.75221557749627
4664,5.985936243208542
4665,183.7545450927683
4666,253.6269040523837
4667,1.8001421928693224
4668,96.29646635040535
4669,288.62113587251804
4670,18.51303372353943
4671,2.113633372748165
4672,0.6724973482832278
4673,71.84236035889609
4674,281.59065563147146
4675,1.7771168586934247
4676,124.19526494515057
4677,45.7304587036457
4678,5.380045531565836
4679,101.14145228380187
4680,4.586020982841711
4681,2.0065774762589763
4682,197.4139980944751
4683,159.42407169414335
4684,95.59471685485671
4685,263.0203056069349
4686,4.065817837219919
4687,228.68113283311592
4688,338.27541851614706
4689,107.24717356119656
4690,6.252660943513083
4691,6.63883896669074
4692,4.425363869639508
4693,70.8753251229278
4694,4.7887440416265274
4695,386.5527252180983
4696,4.6816801653853695
4697,2.5787727211473794
4698,4.591337844164192
4699,3.642104615273656
4700,94.24579284146992
4701,5.786598741988685
4702,1.9828631929968017
4703,3.249098418360547
4704,5.038184176995044
4705,287.72524552927075
4706,3.600334635613933
4707,4.671316118084415
4708,3.1433985745352384
4709,77.24173133845505
4710,158.66205331327572
4711,6.265627562453204
4712,240.88409619329354
4713,3.613809763262311
4714,5.723629602210841
4715,74.44039928518087
4716,53.50318856701928
4717,7.261866981314736
4718,5.98660309932869
4719,193.11188163455944
4720,182.7443231879121
4721,6.183269048934868
4722,3.6694221768046464
4723,6.515456376082531
4724,52.91068387042
4725,181.99460774064494
4726,3.368510732860003
4727,305.4540135628648
4728,249.95042627619213
4729,4.0891631650096345
4730,170.88497831711828
4731,103.55025581292098
4732,-25.711216434843248
4733,5.588036920880372
4734,6.053022150948744
4735,5.551510427653182
4736,3.059864757899266
4737,50.86439650107389
4738,-25.234691183289108
4739,163.4159089717682
4740,284.79322010058036
4741,5.226400496690272
4742,89.2437845522874
4743,5.759724546776219
4744,257.40034353923795
4745,60.64096841128226
4746,4.244781067900538
4747,2.8939981690934884
4748,3.0378183012317037
4749,5.730808531862101
4750,5.7387026969147374
4751,3.9954300892713355
4752,110.01436663778838
4753,144.65100144558454
4754,141.01404978480875
4755,4.048403589287286
4756,1.8976321215960883
4757,3.586173254733117
4758,75.98345385437717
4759,109.00764945225475
4760,4.71394564779331
4761,3.0500604304877204
4762,171.1545703178219
4763,216.35103467139413
4764,2.6072179976691787
4765,347.29174905044727
4766,32.070263625607566
4767,45.09934875002511
4768,28.490316003316885
4769,-33.94451686714115
4770,32.554626074469354
4771,32.599603549475546
4772,4.002449753069049
4773,4.0270688308107445
4774,142.46381245923465
4775,1.6347769055489527
4776,2.8211747153456583
4777,186.18893736435595
4778,5.161542149027611
4779,24.82793623325201
4780,2.0209211969525867
4781,53.35770048120202
4782,4.718684648685068
4783,4.004752094426226
4784,2.741538504455777
4785,23.597171895695123
4786,67.06316592589324
4787,5.590112070525738
4788,3.919247072360836
4789,3.317949241699966
4790,119.51539532782024
4791,211.5603292122916
4792,4.454969661622272
4793,165.20453558419652
4794,56.83847280288354
4795,223.63246409717104
4796,3.105620580468205
4797,139.74954922892562
4798,5.848639631323664
4799,3.858727362586442
4800,349.3224172646269
4801,3.5630045854426515
4802,4.744165030234107
4803,260.0015305561096
4804,1.697346295650361
4805,242.01646159441623
4806,4.740189935393905
4807,3.21278542024392
4808,61.014622458967125
4809,99.98345142021033
4810,1.6866592209170772
4811,1.999356131402575
4812,5.129659216170515
4813,287.15061468357544
4814,242.5960240447324
4815,3.0459252442541294
4816,2.835948900729076
4817,6.23770249730501
4818,1.6918725780216533
4819,86.6982672241978
4820,2.5901837874620632
4821,193.26070542609713
4822,108.75492239648038
4823,4.543968546945672
4824,2.9694907158588357
4825,251.22735390030303
4826,4.759285177253554
4827,5.389004690381867
4828,210.10296093462512
4829,133.33316645076232
4830,75.10795504126348
4831,197.0903852865851
4832,6.969911112879796
4833,3.4490478365933317
4834,117.59448252632286
4835,3.9831675002447833
4836,6.342092644410552
4837,209.40732542599395
4838,27.804214235185704
4839,316.27146549757674
4840,3.184738724852316
4841,129.83667789695136
4842,16.549165467541677
4843,2.5177952877979597
4844,4.260661416528579
4845,4.693377893820729
4846,6.6699988287162455
4847,3.841534602241331
4848,2.5438845756407154
4849,4.758655748334867
4850,6.674729070595331
4851,6.045289967547475
4852,102.11698557072862
4853,301.51669051279134
4854,2.8682315808658383
4855,3.130965442236077
4856,184.7941386920637
4857,249.13117797742066
4858,290.6785367189567
4859,135.3275825110546
4860,211.23753515222867
4861,2.450882659872569
4862,117.19467969058087
4863,6.67710284526814
4864,5.987421279766162
4865,1.845947517737358
4866,1.2083108109871508
4867,3.6005461335882627
4868,57.41070839921487
4869,1.3528702019491186
4870,94.0770592078135
4871,7.051718061642555
4872,2.276708680475143
4873,285.9399893578236
4874,-4.266146915165547
4875,3.250863556899941
4876,222.77826105215695
4877,6.166936104124964
4878,89.50173209966172
4879,80.62802734054212
4880,5.8843804084911095
4881,6.054250921943451
4882,46.372445184520316
4883,1.7759796580649363
4884,142.50214379489455
4885,-58.27475486398568
4886,246.3551409587362
4887,4.808052758843113
4888,308.82531882580804
4889,29.892817503519353
4890,223.22573227099414
4891,144.72350570259422
4892,1.9686555550973197
4893,5.766191835094817
4894,101.7511852221578
4895,6.6596918030602765
4896,5.736443098063739
4897,6.612651301697649
4898,1.4621636828655724
4899,211.87278329786565
4900,2.849714319160265
4901,278.877592108666
4902,4.447282899914249
4903,153.6098513067848
4904,395.066484375021
4905,94.8866722370155
4906,154.1519296888018
4907,191.61472761108342
4908,4.6127318541306925
4909,182.56511795933764
4910,163.76826480913135
4911,85.00356825769249
4912,5.438942993561152
4913,238.4213539469437
4914,182.42529721949978
4915,3.895106662373308
4916,4.582900913651654
4917,6.291665440112597
4918,2.934748369355577
4919,69.7422307436731
4920,2.029560765533009
4921,-9.65482933580611
4922,198.12701124278618
4923,216.71782753385403
4924,5.807040713450237
4925,2.7085832425758922
4926,0.5063997065794803
4927,5.532013609692094
4928,3.2440610314375586
4929,74.38351297105082
4930,108.2035863505847
4931,-36.999373289381865
4932,5.796112834876153
4933,246.10048000436106
4934,-56.605965065110624
4935,44.24374733734938
4936,247.07546426901175
4937,32.72055111868556
4938,86.14219944865364
4939,49.92066006335281
4940,3.7904610579872786
